-- phpMyAdmin SQL Dump
-- version 5.0.1
-- https://www.phpmyadmin.net/
--
-- Host: 127.0.0.1
-- Generation Time: Jun 28, 2021 at 04:06 PM
-- Server version: 10.4.11-MariaDB
-- PHP Version: 7.4.3

SET SQL_MODE = "NO_AUTO_VALUE_ON_ZERO";
SET AUTOCOMMIT = 0;
START TRANSACTION;
SET time_zone = "+00:00";


/*!40101 SET @OLD_CHARACTER_SET_CLIENT=@@CHARACTER_SET_CLIENT */;
/*!40101 SET @OLD_CHARACTER_SET_RESULTS=@@CHARACTER_SET_RESULTS */;
/*!40101 SET @OLD_COLLATION_CONNECTION=@@COLLATION_CONNECTION */;
/*!40101 SET NAMES utf8mb4 */;

--
-- Database: `websqflt_bmjmm`
--

-- --------------------------------------------------------

--
-- Table structure for table `ebn`
--

CREATE TABLE `ebn` (
  `id` int(2) UNSIGNED NOT NULL,
  `e` varchar(2) COLLATE utf8_unicode_ci NOT NULL,
  `b` varchar(2) COLLATE utf8_unicode_ci NOT NULL
) ENGINE=InnoDB DEFAULT CHARSET=utf8 COLLATE=utf8_unicode_ci;

--
-- Dumping data for table `ebn`
--

INSERT INTO `ebn` (`id`, `e`, `b`) VALUES
(1, '0', '০'),
(2, '1', '১'),
(3, '2', '২'),
(4, '3', '৩'),
(5, '4', '৪'),
(6, '5', '৫'),
(7, '6', '৬'),
(8, '7', '৭'),
(9, '8', '৮'),
(10, '9', '৯'),
(11, '.', '.'),
(12, ',', ','),
(13, '-', '-'),
(14, ' ', ' ');

-- --------------------------------------------------------

--
-- Table structure for table `fee`
--

CREATE TABLE `fee` (
  `reading_id` int(20) UNSIGNED NOT NULL,
  `feetype_id` int(2) UNSIGNED NOT NULL,
  `amount` float UNSIGNED NOT NULL
) ENGINE=InnoDB DEFAULT CHARSET=utf8 COLLATE=utf8_unicode_ci;

-- --------------------------------------------------------

--
-- Table structure for table `feetype`
--

CREATE TABLE `feetype` (
  `id` int(2) UNSIGNED NOT NULL,
  `feetype` varchar(50) COLLATE utf8_unicode_ci NOT NULL,
  `compulsory` int(1) UNSIGNED NOT NULL,
  `priority` int(3) UNSIGNED NOT NULL
) ENGINE=InnoDB DEFAULT CHARSET=utf8 COLLATE=utf8_unicode_ci;

-- --------------------------------------------------------

--
-- Table structure for table `fixedtext`
--

CREATE TABLE `fixedtext` (
  `id` int(11) NOT NULL,
  `fixedtext` text COLLATE utf8_unicode_ci NOT NULL,
  `Puropse` varchar(50) COLLATE utf8_unicode_ci NOT NULL
) ENGINE=InnoDB DEFAULT CHARSET=utf8 COLLATE=utf8_unicode_ci;

--
-- Dumping data for table `fixedtext`
--

INSERT INTO `fixedtext` (`id`, `fixedtext`, `Puropse`) VALUES
(1, 'বায়তুল মা\'মুর জামে মসজিদ মার্কেট দোকান মালিক সমিতি ', 'Title'),
(2, '01798598881', 'Phone'),
(3, '৪৮-৪৯, মিরপুর রোড, ধানমন্ডি, ঢাকা -১২০৫', 'Contact Address'),
(4, 'bmjmm.adovasoft.com', 'Domain'),
(5, 'frasel007@gmail.com', 'Admin Email'),
(6, 'প্রতি মাসের বিল ২০ তারিখের ভিতর পরিশোধ না করলে লাইন কাটা হইবে। পুনরায় সংযোগ নিতে হইলে ৫০০ টাকা জরিমানা সহ বিল পরিশোধ করিতে হবে । মালিক সমিতি কোন প্রকার নোটিশ করিবে না ।\r\n', 'Bill Print Message');

-- --------------------------------------------------------

--
-- Table structure for table `interface`
--

CREATE TABLE `interface` (
  `id` int(1) UNSIGNED NOT NULL,
  `language` varchar(100) COLLATE utf8_unicode_ci NOT NULL,
  `home` varchar(100) COLLATE utf8_unicode_ci NOT NULL,
  `new_session` varchar(100) COLLATE utf8_unicode_ci NOT NULL,
  `view_report` varchar(100) COLLATE utf8_unicode_ci NOT NULL,
  `shop_list` varchar(100) COLLATE utf8_unicode_ci NOT NULL,
  `settings` varchar(100) COLLATE utf8_unicode_ci NOT NULL,
  `logout` varchar(100) COLLATE utf8_unicode_ci NOT NULL,
  `edit_info` varchar(100) COLLATE utf8_unicode_ci NOT NULL,
  `additional_fees` varchar(100) COLLATE utf8_unicode_ci NOT NULL,
  `change_id` varchar(100) COLLATE utf8_unicode_ci NOT NULL,
  `change_password` varchar(100) COLLATE utf8_unicode_ci NOT NULL,
  `add_user` varchar(100) COLLATE utf8_unicode_ci NOT NULL,
  `change_user_status` varchar(100) COLLATE utf8_unicode_ci NOT NULL,
  `month` varchar(100) COLLATE utf8_unicode_ci NOT NULL,
  `year` varchar(100) COLLATE utf8_unicode_ci NOT NULL,
  `creation_date` varchar(100) COLLATE utf8_unicode_ci NOT NULL,
  `start_date` varchar(100) COLLATE utf8_unicode_ci NOT NULL,
  `end_date` varchar(100) COLLATE utf8_unicode_ci NOT NULL,
  `last_date` varchar(100) COLLATE utf8_unicode_ci NOT NULL,
  `unit_rate` varchar(100) COLLATE utf8_unicode_ci NOT NULL,
  `shop_name` varchar(100) COLLATE utf8_unicode_ci NOT NULL,
  `meter` varchar(100) COLLATE utf8_unicode_ci NOT NULL,
  `details` varchar(100) COLLATE utf8_unicode_ci NOT NULL,
  `service_charge` varchar(100) COLLATE utf8_unicode_ci NOT NULL,
  `open` varchar(100) COLLATE utf8_unicode_ci NOT NULL,
  `closed` varchar(100) COLLATE utf8_unicode_ci NOT NULL,
  `edit` varchar(100) COLLATE utf8_unicode_ci NOT NULL,
  `remove` varchar(100) COLLATE utf8_unicode_ci NOT NULL,
  `save` varchar(100) COLLATE utf8_unicode_ci NOT NULL,
  `save_changes` varchar(100) COLLATE utf8_unicode_ci NOT NULL,
  `add_new` varchar(100) COLLATE utf8_unicode_ci NOT NULL,
  `print` varchar(100) COLLATE utf8_unicode_ci NOT NULL,
  `description` varchar(100) COLLATE utf8_unicode_ci NOT NULL,
  `print_all` varchar(100) COLLATE utf8_unicode_ci NOT NULL,
  `print_details` varchar(100) COLLATE utf8_unicode_ci NOT NULL,
  `paid` varchar(100) COLLATE utf8_unicode_ci NOT NULL,
  `unpaid` varchar(100) COLLATE utf8_unicode_ci NOT NULL,
  `title` varchar(100) COLLATE utf8_unicode_ci NOT NULL,
  `phone` varchar(100) COLLATE utf8_unicode_ci NOT NULL,
  `contact` varchar(100) COLLATE utf8_unicode_ci NOT NULL,
  `address` varchar(100) COLLATE utf8_unicode_ci NOT NULL,
  `contact_address` varchar(100) COLLATE utf8_unicode_ci NOT NULL,
  `amount` varchar(100) COLLATE utf8_unicode_ci NOT NULL,
  `shop_copy` varchar(100) COLLATE utf8_unicode_ci NOT NULL,
  `market_copy` varchar(100) COLLATE utf8_unicode_ci NOT NULL,
  `coperative_copy` varchar(100) COLLATE utf8_unicode_ci NOT NULL,
  `draft_copy` varchar(100) COLLATE utf8_unicode_ci NOT NULL,
  `dollar` varchar(100) COLLATE utf8_unicode_ci NOT NULL,
  `taka` varchar(100) COLLATE utf8_unicode_ci NOT NULL,
  `euro` varchar(100) COLLATE utf8_unicode_ci NOT NULL,
  `total_amount` varchar(100) COLLATE utf8_unicode_ci NOT NULL,
  `record_readings` varchar(100) COLLATE utf8_unicode_ci NOT NULL,
  `action` varchar(100) COLLATE utf8_unicode_ci NOT NULL,
  `day` varchar(100) COLLATE utf8_unicode_ci NOT NULL,
  `previous_reading` varchar(100) COLLATE utf8_unicode_ci NOT NULL,
  `current_reading` varchar(100) COLLATE utf8_unicode_ci NOT NULL,
  `used_unit` varchar(100) COLLATE utf8_unicode_ci NOT NULL,
  `used_unit_amount` varchar(100) COLLATE utf8_unicode_ci NOT NULL,
  `system_loss_unit` varchar(100) COLLATE utf8_unicode_ci NOT NULL,
  `system_loss_amount` varchar(100) COLLATE utf8_unicode_ci NOT NULL,
  `bill_print_message` varchar(100) COLLATE utf8_unicode_ci NOT NULL,
  `admin_email` varchar(100) COLLATE utf8_unicode_ci NOT NULL,
  `please_fill_all_fields` varchar(100) COLLATE utf8_unicode_ci NOT NULL,
  `please_fill_all_fields_to` varchar(100) COLLATE utf8_unicode_ci NOT NULL,
  `to` varchar(100) COLLATE utf8_unicode_ci NOT NULL,
  `from` varchar(100) COLLATE utf8_unicode_ci NOT NULL,
  `changes_saved` varchar(100) COLLATE utf8_unicode_ci NOT NULL,
  `could_not_save_changes` varchar(100) COLLATE utf8_unicode_ci NOT NULL,
  `file_has_an_error` varchar(100) COLLATE utf8_unicode_ci NOT NULL,
  `file_too_large_or_incorrect_format` varchar(100) COLLATE utf8_unicode_ci NOT NULL,
  `receiving_more_than_due_charges` varchar(100) COLLATE utf8_unicode_ci NOT NULL,
  `new_field_added` varchar(100) COLLATE utf8_unicode_ci NOT NULL,
  `previous` varchar(100) COLLATE utf8_unicode_ci NOT NULL,
  `next` varchar(100) COLLATE utf8_unicode_ci NOT NULL,
  `last_date_to_pay` varchar(100) COLLATE utf8_unicode_ci NOT NULL,
  `per_unit` varchar(100) COLLATE utf8_unicode_ci NOT NULL,
  `loged_in_as` varchar(100) COLLATE utf8_unicode_ci NOT NULL,
  `developed_by` varchar(100) COLLATE utf8_unicode_ci NOT NULL,
  `in_association_with` varchar(100) COLLATE utf8_unicode_ci NOT NULL,
  `latest` varchar(100) COLLATE utf8_unicode_ci NOT NULL,
  `identification` varchar(100) COLLATE utf8_unicode_ci NOT NULL,
  `password` varchar(100) COLLATE utf8_unicode_ci NOT NULL,
  `report` varchar(100) COLLATE utf8_unicode_ci NOT NULL,
  `list` varchar(100) COLLATE utf8_unicode_ci NOT NULL,
  `category` varchar(100) COLLATE utf8_unicode_ci NOT NULL,
  `ok` varchar(100) COLLATE utf8_unicode_ci NOT NULL,
  `cancel` varchar(100) COLLATE utf8_unicode_ci NOT NULL,
  `submit` varchar(100) COLLATE utf8_unicode_ci NOT NULL,
  `payment` varchar(100) COLLATE utf8_unicode_ci NOT NULL,
  `remove_reading` varchar(100) COLLATE utf8_unicode_ci NOT NULL,
  `add` varchar(100) COLLATE utf8_unicode_ci NOT NULL,
  `status` varchar(100) COLLATE utf8_unicode_ci NOT NULL,
  `electric_bill` varchar(100) COLLATE utf8_unicode_ci NOT NULL,
  `back` varchar(100) COLLATE utf8_unicode_ci NOT NULL,
  `new` varchar(100) COLLATE utf8_unicode_ci NOT NULL,
  `retype` varchar(100) COLLATE utf8_unicode_ci NOT NULL,
  `user` varchar(100) COLLATE utf8_unicode_ci NOT NULL,
  `page` varchar(100) COLLATE utf8_unicode_ci NOT NULL,
  `bill_prepared_by` varchar(100) COLLATE utf8_unicode_ci NOT NULL,
  `bill_collected_by` varchar(100) COLLATE utf8_unicode_ci NOT NULL,
  `mulitply` varchar(100) COLLATE utf8_unicode_ci NOT NULL DEFAULT '<big>&times;</big>',
  `taka_word` varchar(100) COLLATE utf8_unicode_ci NOT NULL,
  `pay_date` varchar(100) COLLATE utf8_unicode_ci NOT NULL,
  `main_meter_bill` varchar(100) COLLATE utf8_unicode_ci NOT NULL,
  `pick_hour` varchar(100) COLLATE utf8_unicode_ci NOT NULL,
  `offpick_hour` varchar(100) COLLATE utf8_unicode_ci NOT NULL,
  `total` varchar(100) COLLATE utf8_unicode_ci NOT NULL,
  `reading` varchar(100) COLLATE utf8_unicode_ci NOT NULL,
  `start` varchar(100) COLLATE utf8_unicode_ci NOT NULL,
  `all_paid` varchar(100) COLLATE utf8_unicode_ci NOT NULL,
  `total_electric_bill` varchar(100) COLLATE utf8_unicode_ci NOT NULL,
  `total_bill` varchar(100) COLLATE utf8_unicode_ci NOT NULL,
  `total_paid` varchar(100) COLLATE utf8_unicode_ci NOT NULL,
  `total_unpaid` varchar(100) COLLATE utf8_unicode_ci NOT NULL,
  `total_charges` varchar(100) COLLATE utf8_unicode_ci NOT NULL,
  `always_display_with_bill` varchar(100) COLLATE utf8_unicode_ci NOT NULL,
  `display_if_data` varchar(100) COLLATE utf8_unicode_ci NOT NULL,
  `priority_settings` varchar(100) COLLATE utf8_unicode_ci NOT NULL,
  `priority` varchar(100) COLLATE utf8_unicode_ci NOT NULL,
  `change_language` varchar(100) COLLATE utf8_unicode_ci NOT NULL,
  `main_meter_number` varchar(100) COLLATE utf8_unicode_ci NOT NULL,
  `pad` varchar(100) COLLATE utf8_unicode_ci NOT NULL
) ENGINE=InnoDB DEFAULT CHARSET=utf8 COLLATE=utf8_unicode_ci;

--
-- Dumping data for table `interface`
--

INSERT INTO `interface` (`id`, `language`, `home`, `new_session`, `view_report`, `shop_list`, `settings`, `logout`, `edit_info`, `additional_fees`, `change_id`, `change_password`, `add_user`, `change_user_status`, `month`, `year`, `creation_date`, `start_date`, `end_date`, `last_date`, `unit_rate`, `shop_name`, `meter`, `details`, `service_charge`, `open`, `closed`, `edit`, `remove`, `save`, `save_changes`, `add_new`, `print`, `description`, `print_all`, `print_details`, `paid`, `unpaid`, `title`, `phone`, `contact`, `address`, `contact_address`, `amount`, `shop_copy`, `market_copy`, `coperative_copy`, `draft_copy`, `dollar`, `taka`, `euro`, `total_amount`, `record_readings`, `action`, `day`, `previous_reading`, `current_reading`, `used_unit`, `used_unit_amount`, `system_loss_unit`, `system_loss_amount`, `bill_print_message`, `admin_email`, `please_fill_all_fields`, `please_fill_all_fields_to`, `to`, `from`, `changes_saved`, `could_not_save_changes`, `file_has_an_error`, `file_too_large_or_incorrect_format`, `receiving_more_than_due_charges`, `new_field_added`, `previous`, `next`, `last_date_to_pay`, `per_unit`, `loged_in_as`, `developed_by`, `in_association_with`, `latest`, `identification`, `password`, `report`, `list`, `category`, `ok`, `cancel`, `submit`, `payment`, `remove_reading`, `add`, `status`, `electric_bill`, `back`, `new`, `retype`, `user`, `page`, `bill_prepared_by`, `bill_collected_by`, `mulitply`, `taka_word`, `pay_date`, `main_meter_bill`, `pick_hour`, `offpick_hour`, `total`, `reading`, `start`, `all_paid`, `total_electric_bill`, `total_bill`, `total_paid`, `total_unpaid`, `total_charges`, `always_display_with_bill`, `display_if_data`, `priority_settings`, `priority`, `change_language`, `main_meter_number`, `pad`) VALUES
(1, 'English', 'Home', 'Bill generation of New Month', 'Report', 'Shop List', 'Settings', 'Logout', 'Edit Infoormation', 'Additional Fees', 'Change ID', 'Change Password', 'Add User', 'Change User Status', 'Month', 'Year', 'Creation Date', 'Start Date', 'End Date', 'Last Date', 'Unit Rate', 'Shop Name', 'Meter Number', 'Details', 'Monthly Service Charge', 'Open', 'Closed', 'Edit', 'Remove', 'Save', 'Save Changes', 'Add New', 'Print', 'Description', 'Print All', 'Print Details', 'Paid', 'Due', 'Title', 'Phone', 'Contact', 'Address', 'Contact Address', 'Amount', 'Shop Copy', 'Market Copy', 'Coperative Copy', 'Draft Copy', '$', '/=', '€', 'Total Amount', 'Record Readings', 'Action', 'Day', 'Previous Reading', 'Current Reading', 'Used Unit', 'Used Unit Amount', 'System Loss Unit', 'System Loss Amount', 'Notice', 'Admin Email', 'Please fill all fields', 'Please fill all fields to', 'to', 'from', 'Changes Saved', 'Could Not Save Changes', 'File Has an Error', 'File Too Large or Incorrect Format ', 'Receiving more than due charges', 'New field Added', 'Previous', 'Next', 'Last date to pay', 'Per Unit', 'Loged in as', 'developed by', 'in association with', 'latest', 'ID', 'Password', 'Report', 'List', 'Category', 'OK', 'Cancel', 'Submit', 'Payment', 'Remove Reading', 'Add', 'Status', 'Electric Bill', 'Back', 'New', 'Re-type', 'Username', 'Page number', 'Bill Made by', 'Bill Collected By', '&times;', 'Taka', 'Paid', 'Main Meter Reading', 'Pick Hour', 'Off Pick Hour', 'Total', 'Reading', 'Start', 'All Paid', 'Total Electric Bill', 'Total Bill', 'Total Paid', 'Total Due', 'Total Charges', 'Always Display with Bill', 'Display is data is present', 'Priority Settings', 'Priority', 'Change Language', 'Main meter number', 'Pad'),
(2, 'বাংলা', 'হোম', 'নতুন মাসের বিল তৈরী', 'রিপোর্ট', 'দোকানের লিস্ট', 'সেটিংস্‌ ', 'লগ আউট ', 'তথ্য সংশোধন', 'অতিরিক্ত ফিস', 'আইডি পরিবর্তন', 'পাসওয়ার্ড পরিবর্তন', 'ব্যবহারকারী যোগ করুন', 'ব্যবহারকারী অবস্থা পরিবর্তন', 'মাস', 'বছর', 'বিল তৈরির তারিখ ', 'বিল শুরুর তারিখ ', 'বিল শেষের তারিখ', 'বিল পরিশোধের শেষ তারিখ', 'প্রতি ইউনিট রেট', 'দোকানের নাম', 'মিটার নাম্বার', 'বিস্তারিত', 'মাসিক সার্ভিস চার্জ', 'সচল', 'বন্ধ ', 'সংশোধন', 'অপসারণ', 'সংরক্ষণ করুন', 'পরিবর্তন সংরক্ষণ করুন', 'নতুন সংজোযন', 'প্রিন্ট ', 'বিবরণ', 'সব প্রিন্ট করুন', 'বিবরণ প্রিন্ট করুন', 'পরিশোধিত', 'অপরিশোধিত', 'মার্কেটের নাম', 'ফোন', 'যোগাযোগ', 'ঠিকানা', 'যোগাযোগের ঠিকানা', 'পরিমাণ', 'দোকানের কপি ', 'মার্কেট কপি ', 'সমিতির কপি ', 'খসড়া কপি ', '$', '/=', '€', 'সর্বমোট টাকা', 'রেকর্ড রিডিং', 'ক্রিয়া', 'দিন', 'পূর্ববর্তী রিডিং', 'বর্তমান রিডিং', 'ব্যবহৃত রিডিং', 'ব্যবহৃত রিডিং এর টাকা', 'সিস্টেম লস ইউনিট', 'সিস্টেম লস এর টাকা', 'নোটিস', 'এডমিন ইমেইল', 'অনুগ্রহপূর্বক সব ক্ষেত্রগুলি পূরণ করুন', 'অনুগ্রহপূর্বক সব ক্ষেত্রগুলি পূরণ করুন যেন', 'পর্যন্ত', 'থেকে', 'পরিবর্তন সংরক্ষণ করা হয়েছে ', 'পরিবর্তন সংরক্ষণ যায় নাই ', 'ফাইলএ একটি ত্রুটি রয়েছে', 'খুব বড় বা ভুল ফরম্যাট ফাইল', 'চার্জ তুলনায় অতিরিক্ত গ্রহণ করা হচ্ছে', 'নতুন ক্ষেত্র যোগ করা হয়েছে ', 'পূর্ববর্তী', 'পরবর্তী', 'পরিশোধের শেষ তারিখ', 'প্রতি ইউনিট', 'লগ ইন এজ', '', 'সঙ্গে অ্যাসোসিয়েশন', 'সর্বশেষ', 'আইডি', 'পাসওয়ার্ড', 'প্রতিবেদন', 'তালিকা', 'বিভাগ', 'ঠিক আছে', 'বাতিল করুন', 'জমা', 'পরিশোধ', 'রিডিং অপসারণ করুন', 'সংযোজন করুন  ', 'অবস্থা', 'বিদ্যুৎ বিল', 'পিছনে', 'নতুন', 'পুনরায় টাইপ', 'ইউজার', 'পৃষ্ঠা', 'বিল প্রস্তুতকারীর সিল ও স্বাক্ষর', 'বিল আদায়কারীর সিল ও স্বাক্ষর', '&times;', 'টাকা', 'পরিশোধের তারিখ', 'মুল মিটার বিল', 'পিক আওয়ার', 'অফ পিক আওয়ার', 'মোট', 'রিডিং', 'শুরু', 'সব পরিশোধিত', 'মোট বিদ্যুৎ বিল', 'মোট বিল', 'মোট পরিশোধিত ', 'মোট অপরিশোধিত', 'মোট চার্জ', 'সব সময় বিল এ প্রদর্শন করুণ', 'ডাটা থাকলে প্রদর্শন করুণ', 'ক্রম সেটিংস্‌', 'ক্রম', 'ভাষা পরিবর্তন করুন', 'মুল মিটার নাম্বার', 'প্যাড');

-- --------------------------------------------------------

--
-- Table structure for table `month`
--

CREATE TABLE `month` (
  `id` int(2) UNSIGNED NOT NULL,
  `month` varchar(25) COLLATE utf8_unicode_ci NOT NULL
) ENGINE=InnoDB DEFAULT CHARSET=utf8 COLLATE=utf8_unicode_ci;

--
-- Dumping data for table `month`
--

INSERT INTO `month` (`id`, `month`) VALUES
(1, 'জানুয়ারী'),
(2, 'ফেব্রুয়ারী'),
(3, 'মার্চ'),
(4, 'এপ্রিল'),
(5, 'মে'),
(6, 'জুন'),
(7, 'জুলাই'),
(8, 'আগষ্ট'),
(9, 'সেপ্টেম্বর'),
(10, 'অক্টোবর'),
(11, 'নভেম্বর'),
(12, 'ডিসেম্বর');

-- --------------------------------------------------------

--
-- Table structure for table `reading`
--

CREATE TABLE `reading` (
  `id` int(20) UNSIGNED NOT NULL,
  `session_id` int(10) UNSIGNED NOT NULL,
  `shop_id` int(10) UNSIGNED NOT NULL,
  `previous` float UNSIGNED NOT NULL,
  `current` float UNSIGNED NOT NULL,
  `slu` float UNSIGNED NOT NULL COMMENT 'System loss unit count',
  `svc` float NOT NULL,
  `paid` int(1) UNSIGNED NOT NULL
) ENGINE=InnoDB DEFAULT CHARSET=utf8 COLLATE=utf8_unicode_ci;

--
-- Dumping data for table `reading`
--

INSERT INTO `reading` (`id`, `session_id`, `shop_id`, `previous`, `current`, `slu`, `svc`, `paid`) VALUES
(144, 2, 1, 11320, 12110, 0, 700, 0),
(145, 5, 1, 169537, 171790, 0, 700, 0),
(146, 5, 2, 81061, 82345, 0, 1000, 0),
(147, 5, 3, 32181, 32700, 0, 600, 0),
(148, 5, 4, 0, 17750, 0, 700, 0),
(149, 5, 5, 47975, 48985, 0, 600, 0),
(150, 5, 6, 29323, 29796, 0, 600, 0),
(151, 5, 7, 27209, 27557, 0, 500, 0),
(152, 5, 8, 9958, 10138, 0, 350, 0),
(153, 5, 9, 71314, 72256, 0, 600, 0),
(154, 5, 10, 49676, 50267, 0, 600, 0),
(155, 5, 11, 9918, 10047, 0, 350, 0),
(156, 5, 12, 69562, 70485, 0, 600, 0),
(157, 5, 13, 59881, 60563, 0, 600, 0),
(158, 5, 14, 55689, 56475, 0, 600, 0),
(159, 5, 15, 67180, 67982, 0, 600, 0),
(160, 5, 16, 81257, 82320, 0, 600, 0),
(161, 5, 17, 62667, 63296, 0, 600, 0),
(162, 5, 18, 47372, 48327, 0, 600, 0),
(163, 5, 19, 72409, 73396, 0, 600, 0),
(164, 5, 20, 6264, 6417, 0, 350, 0),
(165, 5, 21, 10301, 10433, 0, 350, 0),
(166, 5, 22, 47368, 48523, 0, 600, 0),
(167, 5, 23, 51366, 52194, 0, 600, 0),
(168, 5, 24, 40730, 41380, 0, 800, 0),
(169, 5, 25, 38030, 38297, 0, 0, 0),
(170, 5, 26, 39189, 39547, 0, 400, 0),
(171, 5, 27, 4072, 4295, 0, 400, 0),
(172, 5, 28, 22535, 22552, 0, 600, 0),
(173, 5, 29, 6011, 6609, 0, 600, 0),
(174, 5, 30, 4333, 4438, 0, 350, 0),
(175, 5, 31, 13476, 13703, 0, 0, 0),
(176, 6, 1, 169537, 171790, 0, 700, 0),
(177, 6, 2, 81061, 82345, 0, 1000, 0),
(178, 6, 3, 32181, 32700, 0, 600, 0),
(179, 6, 4, 16518, 17750, 0, 700, 0),
(180, 6, 5, 47975, 48985, 0, 600, 0),
(181, 6, 6, 29323, 29796, 0, 600, 0),
(182, 6, 7, 27209, 27557, 0, 500, 0),
(183, 6, 8, 9958, 10138, 0, 350, 0),
(184, 6, 9, 71314, 72256, 0, 600, 0),
(185, 6, 10, 49676, 50267, 0, 600, 0),
(186, 6, 11, 9918, 10047, 0, 350, 0),
(187, 6, 12, 69562, 70485, 0, 600, 0),
(188, 6, 13, 59881, 60563, 0, 600, 0),
(189, 6, 14, 55689, 56475, 0, 600, 0),
(190, 6, 15, 67180, 67982, 0, 600, 0),
(191, 6, 16, 81257, 82320, 0, 600, 0),
(192, 6, 17, 62667, 63296, 0, 600, 0),
(193, 6, 18, 47372, 48327, 0, 600, 0),
(194, 6, 19, 72409, 73396, 0, 600, 0),
(195, 6, 20, 6264, 6417, 0, 350, 0),
(196, 6, 21, 10301, 10433, 0, 350, 0),
(197, 6, 22, 47368, 48523, 0, 600, 0),
(198, 6, 23, 51366, 52194, 0, 600, 0),
(199, 6, 24, 40730, 41380, 0, 800, 0),
(200, 6, 25, 38030, 38297, 0, 0, 0),
(201, 6, 26, 39189, 39547, 0, 400, 0),
(202, 6, 27, 4072, 4295, 0, 400, 0),
(203, 6, 28, 22535, 22552, 0, 600, 0),
(204, 6, 29, 6011, 6609, 0, 600, 0),
(205, 6, 30, 4333, 4438, 0, 350, 0),
(206, 6, 31, 13476, 13703, 0, 0, 0),
(207, 8, 1, 169537, 171790, 0, 700, 0),
(208, 8, 2, 81061, 82345, 0, 1000, 0),
(209, 8, 3, 32181, 32700, 0, 600, 0),
(210, 8, 4, 16518, 17750, 0, 700, 0),
(211, 8, 5, 47975, 48985, 0, 600, 0),
(212, 8, 6, 29323, 29796, 0, 600, 0),
(213, 8, 7, 27209, 27557, 0, 500, 0),
(214, 8, 8, 9958, 10138, 0, 350, 0),
(215, 8, 9, 71314, 72256, 0, 600, 0),
(216, 8, 10, 49676, 50267, 0, 600, 0),
(217, 8, 11, 9918, 10047, 0, 350, 0),
(218, 8, 12, 69562, 70485, 0, 600, 0),
(219, 8, 13, 59881, 60563, 0, 600, 0),
(220, 8, 14, 55689, 56475, 0, 600, 0),
(221, 8, 15, 67180, 67982, 0, 600, 0),
(222, 8, 16, 81257, 82320, 0, 600, 0),
(223, 8, 17, 62667, 63296, 0, 600, 0),
(224, 8, 18, 47372, 48327, 0, 600, 0),
(225, 8, 19, 72409, 73396, 0, 600, 0),
(226, 8, 20, 6264, 6417, 0, 350, 0),
(227, 8, 21, 10301, 10433, 0, 350, 0),
(228, 8, 22, 47368, 48523, 0, 600, 0),
(229, 8, 23, 51366, 52194, 0, 600, 0),
(230, 8, 24, 40730, 41380, 0, 800, 0),
(231, 8, 25, 38030, 38297, 0, 0, 0),
(232, 8, 26, 39189, 39547, 0, 400, 0),
(233, 8, 27, 4072, 4295, 0, 400, 0),
(234, 8, 28, 22535, 22552, 0, 600, 0),
(235, 8, 29, 6011, 6609, 0, 600, 0),
(236, 8, 30, 4333, 4438, 0, 350, 0),
(237, 8, 31, 13476, 13703, 0, 0, 0),
(238, 9, 1, 171754, 173687, 0, 700, 0),
(239, 9, 2, 82315, 83461, 0, 1000, 0),
(240, 9, 3, 32681, 33234, 0, 600, 0),
(241, 9, 4, 17750, 18934, 0, 700, 0),
(242, 9, 5, 48957, 49985, 0, 600, 0),
(243, 9, 6, 29796, 30113, 0, 600, 0),
(244, 9, 7, 27557, 27826, 0, 500, 0),
(245, 9, 8, 10138, 10300, 0, 350, 0),
(246, 9, 9, 72224, 73091, 0, 600, 0),
(247, 9, 10, 50231, 50821, 0, 600, 0),
(248, 9, 11, 10047, 10161, 0, 350, 0),
(249, 9, 12, 70459, 71328, 0, 600, 0),
(250, 9, 13, 60538, 61194, 0, 600, 0),
(251, 9, 14, 56453, 57293, 0, 600, 0),
(252, 9, 15, 67982, 68785, 0, 600, 0),
(253, 9, 16, 82320, 83318, 0, 600, 0),
(254, 9, 17, 63296, 63864, 0, 600, 0),
(255, 9, 18, 48293, 49182, 0, 600, 0),
(256, 9, 19, 73396, 74331, 0, 600, 0),
(257, 9, 20, 6417, 6587, 0, 350, 0),
(258, 9, 21, 10433, 10561, 0, 350, 0),
(259, 9, 22, 48523, 49603, 0, 600, 0),
(260, 9, 23, 52194, 53025, 0, 600, 0),
(261, 9, 24, 41380, 41757, 0, 800, 0),
(262, 9, 25, 38297, 38615, 0, 0, 0),
(263, 9, 26, 39547, 39839, 0, 400, 0),
(264, 9, 27, 4295, 4511, 0, 400, 0),
(265, 9, 28, 22535, 22996, 0, 600, 0),
(266, 9, 29, 6609, 7008, 0, 600, 0),
(267, 9, 30, 4438, 4559, 0, 350, 0),
(268, 9, 31, 13703, 13941, 0, 0, 0),
(269, 10, 1, 173635, 175069, 0, 700, 0),
(270, 10, 2, 83415, 84520, 0, 1000, 0),
(271, 10, 3, 33220, 33765, 0, 600, 0),
(272, 10, 4, 18934, 20021, 0, 700, 0),
(273, 10, 5, 49985, 51013, 0, 600, 0),
(274, 10, 6, 30113, 30396, 0, 600, 0),
(275, 10, 7, 27826, 28053, 0, 500, 0),
(276, 10, 8, 10300, 10474, 0, 350, 0),
(277, 10, 9, 73054, 73916, 0, 600, 0),
(278, 10, 10, 50785, 51377, 0, 600, 0),
(279, 10, 11, 10161, 10287, 0, 350, 0),
(280, 10, 12, 71328, 71993, 0, 600, 0),
(281, 10, 13, 61167, 61802, 0, 600, 0),
(282, 10, 14, 57273, 58156, 0, 600, 0),
(283, 10, 15, 68756, 69605, 0, 600, 0),
(284, 10, 16, 83318, 84486, 0, 600, 0),
(285, 10, 17, 63833, 64385, 0, 600, 0),
(286, 10, 18, 49150, 50029, 0, 600, 0),
(287, 10, 19, 74331, 75183, 0, 600, 0),
(288, 10, 20, 6587, 6770, 0, 350, 0),
(289, 10, 21, 10561, 10702, 0, 350, 0),
(290, 10, 22, 49603, 50681, 0, 600, 0),
(291, 10, 23, 53025, 53887, 0, 600, 0),
(292, 10, 24, 41757, 42066, 0, 800, 0),
(293, 10, 25, 38615, 38956, 0, 0, 0),
(294, 10, 26, 39839, 40111, 0, 400, 0),
(295, 10, 27, 4511, 4713, 0, 400, 0),
(296, 10, 28, 22996, 23505, 0, 600, 0),
(297, 10, 29, 7008, 7272, 0, 600, 0),
(298, 10, 30, 4559, 4711, 0, 350, 0),
(299, 10, 31, 13941, 14181, 0, 0, 0),
(300, 11, 1, 175016, 176711, 0, 700, 0),
(301, 11, 2, 84473, 85659, 0, 1000, 0),
(302, 11, 3, 33750, 34335, 0, 600, 0),
(303, 11, 4, 20021, 21291, 0, 700, 0),
(304, 11, 5, 50995, 52094, 0, 600, 0),
(305, 11, 6, 30396, 30668, 0, 600, 0),
(306, 11, 7, 28053, 28259, 0, 500, 0),
(307, 11, 8, 10474, 10638, 0, 350, 0),
(308, 11, 9, 73882, 74696, 0, 600, 0),
(309, 11, 10, 51356, 51913, 0, 600, 0),
(310, 11, 11, 10287, 10420, 0, 350, 0),
(311, 11, 12, 71978, 73147, 0, 600, 0),
(312, 11, 13, 61781, 62543, 0, 600, 0),
(313, 11, 14, 58131, 59140, 0, 600, 0),
(314, 11, 15, 69573, 70501, 0, 600, 0),
(315, 11, 16, 84486, 85737, 0, 600, 0),
(316, 11, 17, 64370, 64926, 0, 600, 0),
(317, 11, 18, 50003, 50943, 0, 600, 0),
(318, 11, 19, 75167, 76131, 0, 600, 0),
(319, 11, 20, 6770, 6949, 0, 350, 0),
(320, 11, 21, 10702, 10823, 0, 350, 0),
(321, 11, 22, 50681, 51775, 0, 600, 0),
(322, 11, 23, 53865, 54695, 0, 600, 0),
(323, 11, 24, 42066, 42321, 0, 800, 0),
(324, 11, 25, 38956, 39342, 0, 0, 0),
(325, 11, 26, 40111, 40349, 0, 400, 0),
(326, 11, 27, 4713, 4869, 0, 400, 0),
(327, 11, 28, 23505, 24027, 0, 600, 0),
(328, 11, 29, 7272, 7728, 0, 600, 0),
(329, 11, 30, 4711, 4804, 0, 350, 0),
(330, 11, 31, 14181, 14399, 0, 0, 0),
(331, 13, 1, 175016, 176711, 0, 700, 0),
(332, 13, 2, 84473, 85659, 0, 1000, 0),
(333, 13, 3, 33750, 34335, 0, 600, 0),
(334, 13, 4, 20021, 21291, 0, 700, 0),
(335, 13, 5, 50995, 52094, 0, 600, 0),
(336, 13, 6, 30396, 30668, 0, 600, 0),
(337, 13, 7, 28053, 28259, 0, 500, 0),
(338, 13, 8, 10474, 10638, 0, 350, 0),
(339, 13, 9, 73889, 74696, 0, 600, 0),
(340, 13, 10, 51356, 51913, 0, 600, 0),
(341, 13, 11, 10287, 10420, 0, 350, 0),
(342, 13, 12, 71978, 73147, 0, 600, 0),
(343, 13, 13, 61780, 62543, 0, 600, 0),
(344, 13, 14, 58136, 59140, 0, 600, 0),
(345, 13, 15, 69580, 70501, 0, 600, 0),
(346, 13, 16, 84486, 85737, 0, 600, 0),
(347, 13, 17, 64370, 64926, 0, 600, 0),
(348, 13, 18, 50003, 50943, 0, 600, 0),
(349, 13, 19, 75167, 76131, 0, 600, 0),
(350, 13, 20, 6770, 6949, 0, 350, 0),
(351, 13, 21, 10702, 10823, 0, 350, 0),
(352, 13, 22, 50681, 51775, 0, 600, 0),
(353, 13, 23, 53867, 54695, 0, 600, 0),
(354, 13, 24, 42066, 42321, 0, 800, 0),
(355, 13, 25, 38956, 39342, 0, 0, 0),
(356, 13, 26, 40111, 40349, 0, 400, 0),
(357, 13, 27, 4713, 4869, 0, 400, 0),
(358, 13, 28, 23505, 24027, 0, 600, 0),
(359, 13, 29, 7272, 7728, 0, 600, 0),
(360, 13, 30, 4711, 4804, 0, 350, 0),
(361, 13, 31, 14181, 14399, 0, 0, 0),
(362, 14, 1, 176664, 178397, 0, 700, 0),
(363, 14, 2, 85617, 86799, 0, 1000, 0),
(364, 14, 3, 34320, 34989, 0, 600, 0),
(365, 14, 4, 21291, 22596, 0, 700, 0),
(366, 14, 5, 52060, 53235, 0, 600, 0),
(367, 14, 6, 30668, 30983, 0, 600, 0),
(368, 14, 7, 28259, 28486, 0, 500, 0),
(369, 14, 8, 10638, 10791, 0, 350, 0),
(370, 14, 9, 74668, 75425, 0, 600, 0),
(371, 14, 10, 51882, 52387, 0, 600, 0),
(372, 14, 11, 10420, 10544, 0, 350, 0),
(373, 14, 12, 73147, 74590, 0, 600, 0),
(374, 14, 13, 62514, 63360, 0, 600, 0),
(375, 14, 14, 59116, 60137, 0, 600, 0),
(376, 14, 15, 70479, 71354, 0, 600, 0),
(377, 14, 16, 85737, 87048, 0, 600, 0),
(378, 14, 17, 64926, 65428, 0, 600, 0),
(379, 14, 18, 50909, 51893, 0, 600, 0),
(380, 14, 19, 76111, 77158, 0, 600, 0),
(381, 14, 20, 6949, 7114, 0, 350, 0),
(382, 14, 21, 10823, 10936, 0, 350, 0),
(383, 14, 22, 51775, 52989, 0, 600, 0),
(384, 14, 23, 54674, 55470, 0, 600, 0),
(385, 14, 24, 42321, 42546, 0, 800, 0),
(386, 14, 25, 39342, 39806, 0, 0, 0),
(387, 14, 26, 40349, 40627, 0, 400, 0),
(388, 14, 27, 4869, 5028, 0, 400, 0),
(389, 14, 28, 24027, 24523, 0, 600, 0),
(390, 14, 29, 7728, 8312, 0, 600, 0),
(391, 14, 30, 4804, 4908, 0, 350, 0),
(392, 14, 31, 14399, 14568, 0, 0, 0),
(393, 16, 1, 178349, 180974, 0, 700, 0),
(394, 16, 2, 86758, 88522, 0, 1000, 0),
(395, 16, 3, 34960, 36125, 0, 600, 0),
(396, 16, 4, 22596, 24504, 0, 700, 0),
(397, 16, 5, 53194, 55002, 0, 600, 0),
(398, 16, 6, 30983, 31758, 0, 600, 0),
(399, 16, 7, 28486, 28973, 0, 500, 0),
(400, 16, 8, 10791, 10986, 0, 350, 0),
(401, 16, 9, 75394, 76633, 0, 600, 0),
(402, 16, 10, 52350, 53209, 0, 600, 0),
(403, 16, 11, 10544, 10702, 0, 350, 0),
(404, 16, 12, 74590, 76560, 0, 600, 0),
(405, 16, 13, 63328, 64736, 0, 600, 0),
(406, 16, 14, 60106, 61836, 0, 600, 0),
(407, 16, 15, 71325, 72811, 0, 600, 0),
(408, 16, 16, 87048, 88941, 0, 600, 0),
(409, 16, 17, 65398, 66282, 0, 600, 0),
(410, 16, 18, 51845, 53467, 0, 600, 0),
(411, 16, 19, 77128, 78591, 0, 600, 0),
(412, 16, 20, 7114, 7349, 0, 350, 0),
(413, 16, 21, 10936, 11091, 0, 350, 0),
(414, 16, 22, 52989, 54578, 0, 600, 0),
(415, 16, 23, 55441, 56610, 0, 600, 0),
(416, 16, 24, 42529, 42883, 0, 800, 0),
(417, 16, 25, 39793, 40571, 0, 0, 0),
(418, 16, 26, 40627, 41153, 0, 400, 0),
(419, 16, 27, 5028, 5277, 0, 400, 0),
(420, 16, 28, 24501, 25367, 0, 600, 0),
(421, 16, 29, 8312, 9328, 0, 600, 0),
(422, 16, 30, 4908, 5026, 0, 350, 0),
(423, 16, 31, 14568, 14774, 0, 0, 0),
(424, 17, 1, 180927, 183198, 0, 700, 0),
(425, 17, 2, 88479, 90520, 0, 1000, 0),
(426, 17, 3, 36106, 37404, 0, 600, 0),
(427, 17, 4, 24504, 26486, 0, 700, 0),
(428, 17, 5, 55002, 56717, 0, 600, 0),
(429, 17, 6, 31744, 32535, 0, 600, 0),
(430, 17, 7, 28973, 29541, 0, 500, 0),
(431, 17, 8, 10986, 11147, 0, 350, 0),
(432, 17, 9, 76605, 77901, 0, 600, 0),
(433, 17, 10, 53175, 54248, 0, 600, 0),
(434, 17, 11, 10702, 10864, 0, 350, 0),
(435, 17, 12, 76560, 78423, 0, 600, 0),
(436, 17, 13, 64710, 65804, 0, 600, 0),
(437, 17, 14, 61807, 63370, 0, 600, 0),
(438, 17, 15, 72778, 74269, 0, 600, 0),
(439, 17, 16, 88941, 90760, 0, 600, 0),
(440, 17, 17, 66251, 67124, 0, 600, 0),
(441, 17, 18, 53438, 54973, 0, 600, 0),
(442, 17, 19, 78565, 79965, 0, 600, 0),
(443, 17, 20, 7349, 7550, 0, 350, 0),
(444, 17, 21, 11091, 11177, 0, 350, 0),
(445, 17, 22, 54578, 56365, 0, 600, 0),
(446, 17, 23, 56583, 57634, 0, 600, 0),
(447, 17, 24, 42865, 43397, 0, 800, 0),
(448, 17, 25, 40556, 41307, 0, 0, 0),
(449, 17, 26, 41126, 41822, 0, 400, 0),
(450, 17, 27, 5263, 5817, 0, 400, 0),
(451, 17, 28, 25367, 26314, 0, 600, 0),
(452, 17, 29, 9328, 10256, 0, 600, 0),
(453, 17, 30, 5026, 5123, 0, 350, 0),
(454, 17, 31, 14774, 14924, 0, 0, 0),
(455, 18, 1, 183123, 185894, 0, 700, 0),
(456, 18, 2, 90445, 93472, 0, 1000, 0),
(457, 18, 3, 37387, 39735, 0, 600, 0),
(458, 18, 4, 26486, 29414, 0, 700, 0),
(459, 18, 5, 56717, 59157, 0, 600, 0),
(460, 18, 6, 32535, 33725, 0, 600, 0),
(461, 18, 7, 29541, 30639, 0, 500, 0),
(462, 18, 8, 11147, 11350, 0, 350, 0),
(463, 18, 9, 77901, 79750, 0, 600, 0),
(464, 18, 10, 54235, 56036, 0, 600, 0),
(465, 18, 11, 10864, 11089, 0, 350, 0),
(466, 18, 12, 78423, 81048, 0, 600, 0),
(467, 18, 13, 65778, 67675, 0, 600, 0),
(468, 18, 14, 63370, 65435, 0, 600, 0),
(469, 18, 15, 74241, 76367, 0, 600, 0),
(470, 18, 16, 90760, 93193, 0, 600, 0),
(471, 18, 17, 67106, 68575, 0, 600, 0),
(472, 18, 18, 54958, 57064, 0, 600, 0),
(473, 18, 19, 79965, 81889, 0, 600, 0),
(474, 18, 20, 7550, 7838, 0, 350, 0),
(475, 18, 21, 11177, 11322, 0, 350, 0),
(476, 18, 22, 56365, 58720, 0, 600, 0),
(477, 18, 23, 57634, 59232, 0, 600, 0),
(478, 18, 24, 43397, 44305, 0, 800, 0),
(479, 18, 25, 41307, 42287, 0, 0, 0),
(480, 18, 26, 41822, 42761, 0, 400, 0),
(481, 18, 27, 5817, 6752, 0, 400, 0),
(482, 18, 28, 26314, 27641, 0, 600, 0),
(483, 18, 29, 10256, 11194, 0, 600, 0),
(484, 18, 30, 5123, 5280, 0, 350, 0),
(485, 18, 31, 14924, 15059, 0, 0, 0),
(486, 19, 1, 185837, 188067, 0, 700, 0),
(487, 19, 2, 93421, 95020, 0, 1000, 0),
(488, 19, 3, 39716, 40851, 0, 600, 0),
(489, 19, 4, 29414, 30984, 0, 700, 0),
(490, 19, 5, 59144, 60297, 0, 600, 0),
(491, 19, 6, 33725, 34620, 0, 600, 0),
(492, 19, 7, 30639, 31139, 0, 500, 0),
(493, 19, 8, 11350, 11485, 0, 350, 0),
(494, 19, 9, 79750, 80538, 0, 600, 0),
(495, 19, 10, 56004, 56595, 0, 600, 0),
(496, 19, 11, 11089, 11223, 0, 350, 0),
(497, 19, 12, 81048, 82363, 0, 600, 0),
(498, 19, 13, 67646, 68415, 0, 600, 0),
(499, 19, 14, 65435, 66236, 0, 600, 0),
(500, 19, 15, 76334, 77174, 0, 600, 0),
(501, 19, 16, 93193, 94511, 0, 600, 0),
(502, 19, 17, 68558, 69187, 0, 600, 0),
(503, 19, 18, 57025, 58169, 0, 600, 0),
(504, 19, 19, 81889, 83164, 0, 600, 0),
(505, 19, 20, 7838, 7998, 0, 350, 0),
(506, 19, 21, 11322, 11413, 0, 350, 0),
(507, 19, 22, 58720, 59960, 0, 600, 0),
(508, 19, 23, 59232, 59984, 0, 600, 0),
(509, 19, 24, 44305, 44769, 0, 800, 0),
(510, 19, 25, 42287, 42772, 0, 0, 0),
(511, 19, 26, 42761, 43141, 0, 400, 0),
(512, 19, 27, 6752, 7116, 0, 400, 0),
(513, 19, 28, 27641, 28373, 0, 600, 0),
(514, 19, 29, 11194, 12054, 0, 600, 0),
(515, 19, 30, 5280, 5371, 0, 350, 0),
(516, 19, 31, 15059, 15213, 0, 0, 0),
(517, 20, 1, 188020, 189927, 0, 700, 0),
(518, 20, 2, 94975, 96554, 0, 1000, 0),
(519, 20, 3, 40851, 41937, 0, 600, 0),
(520, 20, 4, 30984, 32399, 0, 700, 0),
(521, 20, 5, 60297, 61556, 0, 600, 0),
(522, 20, 6, 34620, 35343, 0, 600, 0),
(523, 20, 7, 31139, 31654, 0, 500, 0),
(524, 20, 8, 11485, 11608, 0, 350, 0),
(525, 20, 9, 80538, 81386, 0, 600, 0),
(526, 20, 10, 56595, 57301, 0, 600, 0),
(527, 20, 11, 11223, 11375, 0, 350, 0),
(528, 20, 12, 82363, 83817, 0, 600, 0),
(529, 20, 13, 68415, 69256, 0, 600, 0),
(530, 20, 14, 66236, 67147, 0, 600, 0),
(531, 20, 15, 77174, 78067, 0, 600, 0),
(532, 20, 16, 94511, 96201, 0, 600, 0),
(533, 20, 17, 69187, 69849, 0, 600, 0),
(534, 20, 18, 58169, 59323, 0, 600, 0),
(535, 20, 19, 83164, 84364, 0, 600, 0),
(536, 20, 20, 7998, 8157, 0, 350, 0),
(537, 20, 21, 11413, 11483, 0, 350, 0),
(538, 20, 22, 59960, 61120, 0, 600, 0),
(539, 20, 23, 59984, 60772, 0, 600, 0),
(540, 20, 24, 44769, 45394, 0, 800, 0),
(541, 20, 25, 42772, 43016, 0, 0, 0),
(542, 20, 26, 43141, 43590, 0, 400, 0),
(543, 20, 27, 7116, 7448, 0, 400, 0),
(544, 20, 28, 28373, 29024, 0, 600, 0),
(545, 20, 29, 12054, 12835, 0, 600, 0),
(546, 20, 30, 5371, 5465, 0, 350, 0),
(547, 20, 31, 15213, 15338, 0, 0, 0),
(548, 21, 1, 189860, 192029, 0, 700, 0),
(549, 21, 2, 96495, 98254, 0, 1000, 0),
(550, 21, 3, 41907, 43091, 0, 600, 0),
(551, 21, 4, 32399, 33951, 0, 700, 0),
(552, 21, 5, 61508, 62965, 0, 600, 0),
(553, 21, 6, 35311, 36327, 0, 600, 0),
(554, 21, 7, 31654, 32196, 0, 500, 0),
(555, 21, 8, 11608, 11709, 0, 350, 0),
(556, 21, 9, 81354, 82312, 0, 600, 0),
(557, 21, 10, 57228, 57880, 0, 600, 0),
(558, 21, 11, 11375, 11538, 0, 350, 0),
(559, 21, 12, 83817, 85597, 0, 600, 0),
(560, 21, 13, 69208, 70242, 0, 600, 0),
(561, 21, 14, 67095, 68320, 0, 600, 0),
(562, 21, 15, 78029, 79105, 0, 600, 0),
(563, 21, 16, 96201, 97993, 0, 600, 0),
(564, 21, 17, 69811, 70511, 0, 600, 0),
(565, 21, 18, 59261, 60680, 0, 600, 0),
(566, 21, 19, 84334, 85720, 0, 600, 0),
(567, 21, 20, 8157, 8324, 0, 350, 0),
(568, 21, 21, 11483, 11540, 0, 350, 0),
(569, 21, 22, 61120, 62311, 0, 600, 0),
(570, 21, 23, 60742, 61639, 0, 600, 0),
(571, 21, 24, 45374, 46114, 0, 800, 0),
(572, 21, 25, 43016, 43238, 0, 0, 0),
(573, 21, 26, 43590, 44009, 0, 400, 0),
(574, 21, 27, 7448, 7833, 0, 400, 0),
(575, 21, 28, 28984, 29782, 0, 600, 0),
(576, 21, 29, 12835, 13802, 0, 600, 0),
(577, 21, 30, 5465, 5554, 0, 350, 0),
(578, 21, 31, 15338, 15499, 0, 0, 0),
(579, 22, 1, 192029, 194231, 0, 700, 0),
(580, 22, 2, 98254, 99934, 0, 1000, 0),
(581, 22, 3, 43091, 44042, 0, 600, 0),
(582, 22, 4, 33951, 35348, 0, 700, 0),
(583, 22, 5, 62965, 64215, 0, 600, 0),
(584, 22, 6, 36327, 37060, 0, 600, 0),
(585, 22, 7, 32196, 32658, 0, 500, 0),
(586, 22, 8, 11709, 11873, 0, 350, 0),
(587, 22, 9, 82312, 83194, 0, 600, 0),
(588, 22, 10, 57880, 57886, 0, 600, 0),
(589, 22, 11, 11538, 11722, 0, 350, 0),
(590, 22, 12, 85597, 87409, 0, 600, 0),
(591, 22, 13, 70242, 71147, 0, 600, 0),
(592, 22, 14, 68320, 69386, 0, 600, 0),
(593, 22, 15, 79105, 80128, 0, 600, 0),
(594, 22, 16, 97993, 99595, 0, 600, 0),
(595, 22, 17, 70511, 71207, 0, 600, 0),
(596, 22, 18, 60680, 61817, 0, 600, 0),
(597, 22, 19, 85720, 87144, 0, 600, 0),
(598, 22, 20, 8324, 8524, 0, 350, 0),
(599, 22, 21, 11540, 11612, 0, 350, 0),
(600, 22, 22, 62311, 63616, 0, 600, 0),
(601, 22, 23, 61639, 62541, 0, 600, 0),
(602, 22, 24, 46114, 46830, 0, 800, 0),
(603, 22, 25, 43238, 43469, 0, 0, 0),
(604, 22, 26, 44009, 44392, 0, 400, 0),
(605, 22, 27, 7833, 8183, 0, 400, 0),
(606, 22, 28, 29782, 30523, 0, 600, 0),
(607, 22, 29, 13802, 14752, 0, 600, 0),
(608, 22, 30, 5554, 5659, 0, 350, 0),
(609, 22, 31, 15499, 15652, 0, 0, 0),
(610, 23, 1, 194231, 195850, 0, 700, 0),
(611, 23, 2, 0, 1303, 0, 1000, 0),
(612, 23, 3, 44042, 44769, 0, 600, 0),
(613, 23, 4, 35348, 36631, 0, 700, 0),
(614, 23, 5, 64215, 65222, 0, 600, 0),
(615, 23, 6, 37060, 37689, 0, 600, 0),
(616, 23, 7, 32658, 32916, 0, 500, 0),
(617, 23, 8, 11873, 11990, 0, 350, 0),
(618, 23, 9, 83194, 83878, 0, 600, 0),
(619, 23, 10, 57886, 57986, 0, 600, 0),
(620, 23, 11, 11722, 11879, 0, 350, 0),
(621, 23, 12, 87409, 88813, 0, 600, 0),
(622, 23, 13, 71147, 71883, 0, 600, 0),
(623, 23, 14, 69386, 70269, 0, 600, 0),
(624, 23, 15, 80128, 80934, 0, 600, 0),
(625, 23, 16, 99595, 100987, 0, 600, 0),
(626, 23, 17, 71207, 71811, 0, 600, 0),
(627, 23, 18, 61817, 62726, 0, 600, 0),
(628, 23, 19, 87144, 88403, 0, 600, 0),
(629, 23, 20, 8524, 8693, 0, 350, 0),
(630, 23, 21, 11612, 11705, 0, 350, 0),
(631, 23, 22, 63616, 64697, 0, 600, 0),
(632, 23, 23, 62541, 63232, 0, 600, 0),
(633, 23, 24, 46830, 47365, 0, 800, 0),
(634, 23, 25, 43469, 43663, 0, 0, 0),
(635, 23, 26, 44392, 44734, 0, 400, 0),
(636, 23, 27, 8183, 8347, 0, 400, 0),
(637, 23, 28, 30523, 31116, 0, 600, 0),
(638, 23, 29, 14752, 15277, 0, 600, 0),
(639, 23, 30, 5659, 5744, 0, 350, 0),
(640, 23, 31, 15652, 15758, 0, 0, 0),
(641, 24, 1, 194231, 195850, 80, 700, 0),
(642, 25, 29, 14752, 15277, 10, 600, 0),
(643, 26, 1, 194231, 195850, 80, 700, 0),
(644, 26, 3, 44042, 44769, 20, 600, 0),
(645, 26, 4, 35348, 36631, 20, 700, 0),
(646, 26, 5, 64215, 65222, 25, 600, 0),
(647, 26, 6, 37060, 37689, 15, 600, 0),
(648, 26, 7, 32658, 32916, 10, 500, 0),
(649, 26, 8, 11873, 11990, 5, 350, 0),
(650, 26, 9, 83194, 83878, 10, 600, 0),
(651, 26, 10, 57886, 57986, 10, 600, 0),
(652, 26, 11, 11722, 11879, 5, 350, 0),
(653, 26, 12, 87409, 88813, 15, 600, 0),
(654, 26, 13, 71147, 71883, 10, 600, 0),
(655, 26, 14, 69386, 70269, 10, 600, 0),
(656, 26, 15, 80128, 80934, 10, 600, 0),
(657, 26, 16, 99595, 100987, 15, 600, 0),
(658, 26, 17, 71207, 71811, 10, 600, 0),
(659, 26, 18, 61817, 62726, 15, 600, 0),
(660, 26, 19, 87144, 88403, 15, 600, 0),
(661, 26, 20, 8524, 8693, 5, 350, 0),
(662, 26, 21, 11612, 11705, 5, 350, 0),
(663, 26, 22, 63616, 64697, 15, 600, 0),
(664, 26, 23, 62541, 63232, 10, 600, 0),
(665, 26, 24, 46830, 47365, 10, 800, 0),
(666, 26, 25, 43469, 43663, 10, 0, 0),
(667, 26, 26, 44392, 44734, 5, 400, 0),
(668, 26, 27, 8183, 8347, 5, 400, 0),
(669, 26, 28, 30523, 31116, 15, 600, 0),
(670, 26, 29, 14752, 15277, 10, 600, 0),
(671, 26, 30, 5659, 5744, 5, 350, 0),
(672, 26, 31, 15652, 15758, 10, 0, 0),
(673, 27, 1, 194231, 195850, 15, 700, 0),
(674, 29, 1, 194231, 195850, 80, 700, 0),
(675, 30, 1, 194231, 195850, 15, 700, 0),
(676, 31, 1, 194231, 195850, 80, 700, 0),
(677, 32, 1, 195850, 197162, 35, 700, 0),
(678, 32, 2, 1303, 2315, 30, 1000, 0),
(679, 32, 3, 44769, 45560, 22, 600, 0),
(680, 32, 4, 36631, 37845, 17, 700, 0),
(681, 32, 5, 65222, 66141, 20, 600, 0),
(682, 32, 6, 37689, 38308, 10, 600, 0),
(683, 32, 7, 32916, 33142, 5, 500, 0),
(684, 32, 8, 11990, 12083, 5, 350, 0),
(685, 32, 9, 83878, 84571, 10, 600, 0),
(686, 32, 10, 57986, 59445, 10, 600, 0),
(687, 32, 11, 11879, 12036, 5, 350, 0),
(688, 32, 12, 88813, 90366, 15, 600, 0),
(689, 32, 13, 71883, 72633, 10, 600, 0),
(690, 32, 14, 70269, 71185, 10, 600, 0),
(691, 32, 15, 80934, 81803, 10, 600, 0),
(692, 32, 16, 100987, 102442, 15, 600, 0),
(693, 32, 17, 71811, 72373, 10, 600, 0),
(694, 32, 18, 62726, 63822, 10, 600, 0),
(695, 32, 19, 88403, 89648, 10, 600, 0),
(696, 32, 20, 8693, 8864, 5, 350, 0),
(697, 32, 21, 11705, 11740, 5, 350, 0),
(698, 32, 22, 64697, 65802, 15, 600, 0),
(699, 32, 23, 63232, 63884, 10, 600, 0),
(700, 32, 24, 47365, 47792, 10, 800, 0),
(701, 32, 25, 43663, 43858, 10, 0, 0),
(702, 32, 26, 44734, 45038, 5, 400, 0),
(703, 32, 27, 8347, 8789, 10, 400, 0),
(704, 32, 29, 15277, 15665, 5, 600, 0),
(705, 32, 30, 5744, 5832, 5, 350, 0),
(706, 32, 31, 15758, 15862, 11, 0, 0),
(707, 32, 28, 0, 276, 10, 600, 0),
(708, 33, 1, 197162, 198162, 70, 700, 0),
(709, 33, 2, 2315, 3138, 70, 1000, 0),
(710, 33, 3, 45560, 46099, 30, 600, 0),
(711, 33, 4, 37845, 38714, 30, 700, 0),
(712, 33, 5, 66141, 66806, 30, 600, 0),
(713, 33, 6, 38308, 38696, 10, 600, 0),
(714, 33, 7, 33142, 33337, 10, 500, 0),
(715, 33, 8, 12083, 12176, 5, 350, 0),
(716, 33, 9, 84571, 85124, 20, 600, 0),
(717, 33, 10, 59445, 60614, 25, 600, 0),
(718, 33, 11, 12036, 12169, 5, 350, 0),
(719, 33, 12, 90366, 91589, 20, 600, 0),
(720, 33, 13, 72633, 73227, 25, 600, 0),
(721, 33, 14, 71185, 71891, 20, 600, 0),
(722, 33, 15, 81803, 82551, 20, 600, 0),
(723, 33, 16, 102442, 103567, 15, 600, 0),
(724, 33, 17, 72373, 72858, 15, 600, 0),
(725, 33, 18, 63822, 64749, 15, 600, 0),
(726, 33, 19, 89648, 90623, 20, 600, 0),
(727, 33, 20, 8864, 9023, 5, 350, 0),
(728, 33, 21, 11740, 11751, 5, 350, 0),
(729, 33, 22, 65802, 66651, 10, 600, 0),
(730, 33, 23, 63884, 64440, 20, 600, 0),
(731, 33, 24, 43858, 44046, 10, 800, 0),
(732, 33, 25, 47792, 48079, 5, 0, 0),
(733, 33, 26, 45038, 45322, 5, 400, 0),
(734, 33, 27, 8789, 9174, 5, 400, 0),
(735, 33, 28, 276, 775, 10, 600, 0),
(736, 33, 29, 15665, 15894, 10, 600, 0),
(737, 33, 30, 5832, 5916, 5, 350, 0),
(738, 33, 31, 15862, 15938, 5, 0, 0),
(739, 36, 1, 197162, 198162, 70, 700, 0),
(740, 36, 2, 2315, 3138, 70, 1000, 0),
(741, 36, 3, 45560, 46099, 30, 600, 0),
(742, 36, 4, 37845, 38714, 30, 700, 0),
(743, 36, 5, 66141, 66806, 30, 600, 0),
(744, 36, 6, 38308, 38696, 10, 600, 0),
(745, 36, 7, 33142, 33337, 10, 500, 0),
(746, 36, 8, 12083, 12176, 5, 350, 0),
(747, 36, 9, 84571, 85124, 20, 600, 0),
(748, 36, 10, 59445, 60614, 25, 600, 0),
(749, 36, 11, 12036, 12169, 5, 350, 0),
(750, 36, 12, 90366, 91589, 20, 600, 0),
(751, 36, 13, 72633, 73227, 25, 600, 0),
(752, 36, 14, 71185, 71891, 20, 600, 0),
(753, 36, 15, 81803, 82551, 20, 600, 0),
(754, 36, 16, 102442, 103567, 15, 600, 0),
(755, 36, 17, 72373, 72858, 15, 600, 0),
(756, 36, 18, 63822, 64749, 15, 600, 0),
(757, 36, 19, 89648, 90623, 20, 600, 0),
(758, 36, 20, 8864, 9023, 5, 350, 0),
(759, 36, 21, 11740, 11751, 5, 350, 0),
(760, 36, 22, 65802, 66651, 10, 600, 0),
(761, 36, 23, 63884, 64440, 20, 600, 0),
(762, 36, 24, 43858, 44046, 10, 800, 0),
(763, 36, 25, 47792, 48079, 5, 0, 0),
(764, 36, 26, 45038, 45322, 5, 400, 0),
(765, 36, 27, 8789, 9174, 5, 400, 0),
(766, 36, 28, 276, 775, 10, 600, 0),
(767, 36, 29, 15665, 15894, 10, 600, 0),
(768, 36, 30, 5832, 5916, 5, 350, 0),
(769, 36, 31, 15862, 15938, 5, 0, 0),
(770, 37, 1, 198162, 199521, 40, 700, 0),
(771, 37, 2, 3138, 4261, 40, 1000, 0),
(772, 37, 3, 46099, 46934, 15, 600, 0),
(773, 37, 4, 38714, 39739, 15, 700, 0),
(774, 37, 5, 66806, 67793, 15, 600, 0),
(775, 37, 6, 38696, 39443, 10, 600, 0),
(776, 37, 7, 33337, 33549, 10, 500, 0),
(777, 37, 8, 12176, 12268, 5, 350, 0),
(778, 37, 9, 85124, 85792, 12, 600, 0),
(779, 37, 10, 60614, 62135, 13, 600, 0),
(780, 37, 11, 12169, 12320, 5, 350, 0),
(781, 37, 12, 91589, 93248, 12, 600, 0),
(782, 37, 13, 73227, 73954, 12, 600, 0),
(783, 37, 14, 71891, 72891, 12, 600, 0),
(784, 37, 15, 82551, 83488, 12, 600, 0),
(785, 37, 16, 103567, 105126, 10, 600, 0),
(786, 37, 17, 72858, 73395, 10, 600, 0),
(787, 37, 18, 64749, 65859, 12, 600, 0),
(788, 37, 19, 90623, 91891, 12, 600, 0),
(789, 37, 20, 9023, 9207, 5, 350, 0),
(790, 37, 22, 66651, 67717, 10, 600, 0),
(791, 37, 23, 64440, 65098, 13, 600, 0),
(792, 37, 24, 44046, 44254, 10, 800, 0),
(793, 37, 25, 48079, 48474, 5, 0, 0),
(794, 37, 26, 45322, 45708, 5, 400, 0),
(795, 37, 27, 9174, 9645, 10, 400, 0),
(796, 37, 28, 775, 1361, 5, 600, 0),
(797, 37, 29, 15894, 16305, 5, 600, 0),
(798, 37, 30, 5916, 5995, 6, 350, 0),
(799, 37, 31, 15938, 16023, 5, 0, 0),
(800, 38, 1, 199521, 201645, 0, 700, 0),
(801, 39, 1, 199521, 201645, 0, 700, 0),
(802, 39, 2, 4261, 6172, 0, 1000, 0),
(803, 39, 3, 46934, 48120, 0, 600, 0),
(804, 39, 4, 39739, 41315, 0, 700, 0),
(805, 39, 5, 67793, 69111, 0, 600, 0),
(806, 39, 6, 39443, 40246, 0, 600, 0),
(807, 39, 7, 33549, 33816, 0, 500, 0),
(808, 39, 8, 12268, 12354, 0, 350, 0),
(809, 39, 9, 85792, 86714, 0, 600, 0),
(810, 39, 10, 62135, 63847, 0, 600, 0),
(811, 39, 11, 12320, 12479, 0, 350, 0),
(812, 39, 12, 93248, 94624, 0, 600, 0),
(813, 39, 13, 73954, 74745, 0, 600, 0),
(814, 39, 14, 72891, 74121, 0, 600, 0),
(815, 39, 15, 83488, 84515, 0, 600, 0),
(816, 39, 16, 105126, 106445, 0, 600, 0),
(817, 39, 17, 73395, 74022, 0, 600, 0),
(818, 39, 18, 65859, 67048, 0, 600, 0),
(819, 39, 19, 91891, 93412, 0, 600, 0),
(820, 39, 20, 9207, 9395, 0, 350, 0),
(821, 39, 22, 67717, 69044, 0, 600, 0),
(822, 39, 23, 65098, 65856, 0, 600, 0),
(823, 39, 24, 44254, 44463, 0, 800, 0),
(824, 39, 25, 48474, 49071, 0, 0, 0),
(825, 39, 26, 45708, 46222, 0, 400, 0),
(826, 39, 27, 9645, 10190, 0, 400, 0),
(827, 39, 28, 1361, 2026, 0, 600, 0),
(828, 39, 29, 16305, 16963, 0, 600, 0),
(829, 39, 30, 5995, 6068, 0, 350, 0),
(830, 39, 31, 16023, 16086, 0, 0, 0),
(831, 38, 4, 39739, 41315, 0, 700, 0),
(832, 38, 22, 67717, 69044, 0, 600, 0),
(833, 42, 1, 201645, 203535, 0, 700, 0),
(834, 42, 2, 6172, 7947, 0, 1000, 0),
(835, 42, 3, 48120, 49262, 0, 600, 0),
(836, 42, 4, 41315, 43048, 0, 700, 0),
(837, 42, 5, 69111, 70359, 0, 600, 0),
(838, 42, 6, 40246, 40985, 0, 600, 0),
(839, 42, 7, 33816, 34185, 0, 500, 0),
(840, 42, 8, 12354, 12461, 0, 350, 0),
(841, 42, 9, 86714, 87755, 0, 600, 0),
(842, 42, 10, 63847, 65876, 0, 600, 0),
(843, 42, 11, 12479, 12667, 0, 350, 0),
(844, 42, 12, 310, 2367, 0, 600, 0),
(845, 42, 13, 74745, 75738, 0, 600, 0),
(846, 42, 14, 74121, 75494, 0, 600, 0),
(847, 42, 15, 84515, 85689, 0, 600, 0),
(848, 42, 16, 106445, 107675, 0, 600, 0),
(849, 42, 17, 74022, 74779, 0, 600, 0),
(850, 42, 18, 67048, 68505, 0, 600, 0),
(851, 42, 19, 93412, 94982, 0, 600, 0),
(852, 42, 20, 9395, 9598, 0, 350, 0),
(853, 42, 22, 69044, 70589, 0, 600, 0),
(854, 42, 23, 65856, 66624, 0, 600, 0),
(855, 42, 24, 44463, 45011, 0, 800, 0),
(856, 42, 25, 49071, 49468, 0, 0, 0),
(857, 42, 26, 46222, 46805, 0, 400, 0),
(858, 42, 27, 10190, 10777, 0, 400, 0),
(859, 42, 28, 2026, 2787, 0, 600, 0),
(860, 42, 29, 16963, 17643, 0, 600, 0),
(861, 42, 30, 6068, 6156, 0, 350, 0),
(862, 42, 31, 16086, 16208, 0, 0, 0),
(863, 43, 1, 203535, 205796, 0, 700, 0),
(864, 43, 2, 7947, 10155, 0, 1000, 0),
(865, 43, 3, 49262, 50726, 0, 600, 0),
(866, 43, 4, 43048, 45225, 0, 700, 0),
(867, 43, 5, 70359, 72038, 0, 600, 0),
(868, 43, 6, 40985, 41932, 0, 600, 0),
(869, 43, 7, 34185, 34774, 0, 500, 0),
(870, 43, 8, 12461, 12613, 0, 350, 0),
(871, 43, 9, 87755, 89133, 0, 600, 0),
(872, 43, 10, 65876, 67988, 0, 600, 0),
(873, 43, 11, 12667, 12894, 0, 350, 0),
(874, 43, 12, 2367, 5126, 0, 600, 0),
(875, 43, 13, 75738, 77041, 0, 600, 0),
(876, 43, 14, 75494, 77093, 0, 600, 0),
(877, 43, 15, 85689, 87150, 0, 600, 0),
(878, 43, 16, 107675, 109106, 0, 600, 0),
(879, 43, 17, 74779, 75735, 0, 600, 0),
(880, 43, 18, 68505, 70372, 0, 600, 0),
(881, 43, 19, 94982, 96728, 0, 600, 0),
(882, 43, 20, 9598, 9834, 0, 350, 0),
(883, 43, 21, 0, 0, 0, 0, 0),
(884, 43, 22, 70589, 72469, 0, 600, 0),
(885, 43, 23, 66624, 67795, 0, 600, 0),
(886, 43, 24, 45011, 45777, 0, 800, 0),
(887, 43, 25, 49468, 50050, 0, 0, 0),
(888, 43, 26, 46805, 47541, 0, 400, 0),
(889, 43, 27, 10777, 11638, 0, 400, 0),
(890, 43, 28, 2787, 3837, 0, 600, 0),
(891, 43, 29, 17643, 18311, 0, 600, 0),
(892, 43, 30, 6156, 6268, 0, 350, 0),
(893, 43, 31, 16208, 16387, 0, 0, 0),
(894, 44, 1, 203535, 205796, 0, 700, 0),
(895, 44, 2, 7947, 10155, 0, 1000, 0),
(896, 44, 3, 49262, 50726, 0, 600, 0),
(897, 44, 4, 43048, 45225, 0, 700, 0),
(898, 44, 5, 70359, 72038, 0, 600, 0),
(899, 44, 6, 40985, 41932, 0, 600, 0),
(900, 44, 7, 34185, 34774, 0, 500, 0),
(901, 44, 8, 12461, 12613, 0, 350, 0),
(902, 44, 9, 87755, 89133, 0, 600, 0),
(903, 44, 10, 65876, 67988, 0, 600, 0),
(904, 44, 11, 12667, 12894, 0, 350, 0),
(905, 44, 12, 2367, 5126, 0, 600, 0),
(906, 44, 13, 75738, 77041, 0, 600, 0),
(907, 44, 14, 75494, 77093, 0, 600, 0),
(908, 44, 15, 85689, 87150, 0, 600, 0),
(909, 44, 16, 107675, 109106, 0, 600, 0),
(910, 44, 17, 74779, 75735, 0, 600, 0),
(911, 44, 18, 68505, 70372, 0, 600, 0),
(912, 44, 19, 94982, 96728, 0, 600, 0),
(913, 44, 20, 9598, 9834, 0, 350, 0),
(914, 44, 21, 0, 0, 0, 0, 0),
(915, 44, 22, 70589, 72469, 0, 600, 0),
(916, 44, 23, 66624, 67795, 0, 600, 0),
(917, 44, 24, 45011, 45777, 0, 800, 0),
(918, 44, 25, 49468, 50050, 0, 0, 0),
(919, 44, 26, 46805, 47541, 0, 400, 0),
(920, 44, 27, 10777, 11638, 0, 400, 0),
(921, 44, 28, 2787, 3837, 0, 600, 0),
(922, 44, 29, 17643, 18311, 0, 600, 0),
(923, 44, 30, 6156, 6268, 0, 350, 0),
(924, 44, 31, 16208, 16387, 0, 0, 0),
(925, 45, 1, 205796, 209122, 0, 700, 0),
(926, 45, 2, 10155, 13021, 0, 1000, 0),
(927, 45, 3, 50726, 52725, 0, 600, 0),
(928, 45, 4, 45225, 47946, 0, 700, 0),
(929, 45, 5, 72038, 74220, 0, 600, 0),
(930, 45, 6, 41932, 43273, 0, 600, 0),
(931, 45, 7, 34774, 35782, 0, 500, 0),
(932, 45, 8, 12613, 12796, 0, 350, 0),
(933, 45, 9, 89133, 90989, 0, 600, 0),
(934, 45, 10, 0, 3609, 0, 600, 0),
(935, 45, 11, 12894, 13118, 0, 350, 0),
(936, 45, 12, 5126, 8562, 0, 600, 0),
(937, 45, 13, 77041, 78971, 0, 600, 0),
(938, 45, 14, 77093, 79192, 0, 600, 0),
(939, 45, 15, 87150, 89223, 0, 600, 0),
(940, 45, 16, 109106, 110932, 0, 600, 0),
(941, 45, 17, 75735, 77048, 0, 600, 0),
(942, 45, 18, 70372, 72440, 0, 600, 0),
(943, 45, 19, 96728, 98956, 0, 600, 0),
(944, 45, 20, 9834, 10474, 0, 350, 0),
(945, 45, 21, 0, 475, 0, 350, 0),
(946, 45, 22, 72469, 74859, 0, 600, 0),
(947, 45, 23, 67795, 69370, 0, 600, 0),
(948, 45, 24, 45777, 46164, 0, 800, 0),
(949, 45, 25, 50050, 51177, 0, 0, 0),
(950, 45, 26, 47541, 48530, 0, 400, 0),
(951, 45, 27, 11638, 12627, 0, 400, 0),
(952, 45, 28, 3837, 5399, 0, 600, 0),
(953, 45, 29, 18311, 19266, 0, 600, 0),
(954, 45, 30, 6268, 6388, 0, 350, 0),
(955, 45, 31, 16387, 16579, 0, 0, 0),
(956, 46, 1, 205796, 209122, 0, 700, 0),
(957, 46, 2, 10155, 13021, 0, 1000, 0),
(958, 46, 3, 50726, 52725, 1, 600, 0),
(959, 46, 4, 45225, 47946, 1, 700, 0),
(960, 46, 5, 72038, 74220, 1, 600, 0),
(961, 46, 6, 41932, 43273, 1, 600, 0),
(962, 46, 7, 34774, 35782, 1, 500, 0),
(963, 46, 8, 12613, 12796, 1, 350, 0),
(964, 46, 9, 89133, 90989, 1, 600, 0),
(965, 46, 10, 1, 3609, 1, 600, 0),
(966, 46, 11, 12894, 13118, 1, 350, 0),
(967, 46, 12, 5126, 8562, 1, 600, 0),
(968, 46, 13, 77041, 78971, 1, 600, 0),
(969, 46, 14, 77093, 79192, 1, 600, 0),
(970, 46, 15, 87150, 89223, 1, 600, 0),
(971, 46, 16, 109106, 110932, 1, 600, 0),
(972, 46, 17, 75735, 77048, 1, 600, 0),
(973, 46, 18, 70372, 72440, 1, 600, 0),
(974, 46, 19, 96728, 98956, 1, 600, 0),
(975, 46, 20, 9834, 10474, 1, 350, 0),
(976, 46, 21, 1, 475, 1, 350, 0),
(977, 46, 22, 72469, 74859, 1, 600, 0),
(978, 46, 23, 67795, 69370, 1, 600, 0),
(979, 46, 24, 45777, 46164, 1, 800, 0),
(980, 46, 25, 50050, 51177, 1, 0, 0),
(981, 46, 26, 47541, 48530, 1, 400, 0),
(982, 46, 27, 11638, 12627, 1, 400, 0),
(983, 46, 28, 3837, 5399, 1, 600, 0),
(984, 46, 29, 18311, 19266, 1, 600, 0),
(985, 46, 30, 6268, 6388, 1, 350, 0),
(986, 46, 31, 16387, 16579, 5, 0, 0),
(987, 48, 1, 205796, 209122, 0, 700, 0),
(988, 48, 2, 10155, 13021, 0, 1000, 0),
(989, 48, 3, 50726, 52725, 0, 600, 0),
(990, 48, 4, 45225, 47946, 0, 700, 0),
(991, 48, 5, 72038, 74220, 0, 600, 0),
(992, 48, 6, 41932, 43273, 0, 600, 0),
(993, 48, 7, 34774, 35782, 0, 500, 0),
(994, 48, 8, 12613, 12796, 0, 350, 0),
(995, 48, 9, 89133, 90989, 0, 600, 0),
(996, 48, 10, 0, 3609, 0, 600, 0),
(997, 48, 11, 12894, 13118, 0, 350, 0),
(998, 48, 12, 5126, 8562, 0, 600, 0),
(999, 48, 13, 77041, 78971, 0, 600, 0),
(1000, 48, 14, 77093, 79192, 0, 600, 0),
(1001, 48, 15, 87150, 89223, 0, 600, 0),
(1002, 48, 16, 109106, 110932, 0, 600, 0),
(1003, 48, 17, 75735, 77048, 0, 600, 0),
(1004, 48, 18, 70372, 72440, 0, 600, 0),
(1005, 48, 19, 96728, 98956, 0, 600, 0),
(1006, 48, 20, 9834, 10474, 0, 350, 0),
(1007, 48, 21, 0, 475, 0, 350, 0),
(1008, 48, 22, 72469, 74859, 0, 600, 0),
(1009, 48, 23, 67795, 69370, 0, 600, 0),
(1010, 48, 24, 45777, 46164, 0, 800, 0),
(1011, 48, 25, 50050, 51177, 0, 0, 0),
(1012, 48, 26, 47541, 48530, 0, 400, 0),
(1013, 48, 27, 11638, 12627, 0, 400, 0),
(1014, 48, 28, 3837, 5399, 0, 600, 0),
(1015, 48, 29, 18311, 19266, 0, 600, 0),
(1016, 48, 30, 6268, 6388, 0, 350, 0),
(1017, 48, 31, 16387, 16579, 0, 0, 0),
(1018, 49, 24, 46164, 46391, 0, 800, 0),
(1019, 49, 25, 51177, 51827, 0, 0, 0),
(1020, 50, 1, 209122, 211463, 0, 700, 0),
(1021, 50, 2, 13021, 14779, 0, 1000, 0),
(1022, 50, 3, 52725, 53385, 0, 600, 0),
(1023, 50, 4, 47946, 49214, 0, 700, 0),
(1024, 50, 5, 74220, 75118, 0, 600, 0),
(1025, 50, 6, 43273, 43934, 0, 600, 0),
(1026, 50, 7, 35782, 36195, 0, 500, 0),
(1027, 50, 8, 12796, 12903, 0, 350, 0),
(1028, 50, 9, 90989, 91799, 0, 600, 0),
(1029, 50, 10, 3609, 4983, 0, 600, 0),
(1030, 50, 11, 13118, 13269, 0, 350, 0),
(1031, 50, 12, 8562, 10314, 0, 600, 0),
(1032, 50, 13, 78971, 79712, 0, 600, 0),
(1033, 50, 14, 79192, 80081, 0, 600, 0),
(1034, 50, 15, 89223, 90159, 0, 600, 0),
(1035, 50, 16, 110932, 111954, 0, 600, 0),
(1036, 50, 17, 77048, 77677, 0, 600, 0),
(1037, 50, 18, 72440, 73423, 0, 600, 0),
(1038, 50, 19, 98956, 100232, 0, 600, 0),
(1039, 50, 20, 10474, 10732, 0, 350, 0),
(1040, 50, 21, 475, 605, 0, 350, 0),
(1041, 50, 22, 74859, 76193, 0, 600, 0),
(1042, 50, 23, 69370, 70108, 0, 600, 0),
(1043, 50, 24, 46164, 46391, 0, 800, 0),
(1044, 50, 25, 51177, 51827, 0, 0, 0),
(1045, 50, 26, 48530, 48951, 0, 400, 0),
(1046, 50, 27, 12627, 13110, 0, 400, 0),
(1047, 50, 28, 5399, 6051, 0, 600, 0),
(1048, 50, 29, 19266, 20057, 0, 600, 0),
(1049, 50, 30, 6388, 6453, 0, 350, 0),
(1050, 50, 31, 16579, 16820, 0, 0, 0),
(1051, 52, 1, 211463, 213779, 0, 700, 0),
(1052, 52, 2, 14779, 16794, 0, 1000, 0),
(1053, 52, 3, 53385, 54216, 0, 600, 0),
(1054, 52, 4, 49214, 50464, 0, 700, 0),
(1055, 52, 5, 75118, 76261, 0, 600, 0),
(1056, 52, 6, 10314, 12134, 0, 600, 0),
(1057, 52, 7, 4983, 6616, 0, 600, 0),
(1058, 52, 8, 43934, 44674, 0, 600, 0),
(1059, 52, 9, 36195, 36647, 0, 500, 0),
(1060, 52, 10, 12903, 13055, 0, 350, 0),
(1061, 52, 11, 91799, 92967, 0, 600, 0),
(1062, 52, 12, 13269, 13443, 0, 350, 0),
(1063, 52, 13, 79712, 80696, 0, 600, 0),
(1064, 52, 14, 80081, 81182, 0, 600, 0),
(1065, 52, 15, 90159, 91290, 0, 600, 0),
(1066, 52, 16, 111954, 113122, 0, 600, 0),
(1067, 52, 17, 77677, 78331, 0, 600, 0),
(1068, 52, 18, 73423, 74574, 0, 600, 0),
(1069, 52, 19, 100232, 101557, 0, 600, 0),
(1070, 52, 20, 10732, 11070, 0, 350, 0),
(1071, 52, 21, 605, 720, 0, 350, 0),
(1072, 52, 22, 76193, 77750, 0, 600, 0),
(1073, 52, 23, 70108, 70871, 0, 600, 0),
(1074, 52, 24, 46391, 46727, 0, 500, 0),
(1075, 52, 25, 51827, 52345, 0, 500, 0),
(1076, 52, 26, 48951, 49487, 0, 400, 0),
(1077, 52, 27, 13110, 13741, 0, 400, 0),
(1078, 52, 28, 6051, 6876, 0, 600, 0),
(1079, 52, 29, 20057, 20971, 0, 600, 0),
(1080, 52, 30, 6453, 6522, 0, 350, 0),
(1081, 52, 31, 16820, 17006, 0, 0, 0),
(1082, 53, 1, 213779, 216132, 0, 700, 0),
(1083, 53, 2, 16794, 19157, 0, 1000, 0),
(1084, 53, 3, 54216, 54948, 0, 600, 0),
(1085, 53, 4, 50464, 51635, 0, 700, 0),
(1086, 53, 5, 76261, 77376, 0, 600, 0),
(1087, 53, 6, 12134, 14080, 0, 600, 0),
(1088, 53, 7, 6616, 8208, 0, 600, 0),
(1089, 53, 8, 44674, 45415, 0, 600, 0),
(1090, 53, 9, 36647, 37071, 0, 500, 0),
(1091, 53, 10, 13055, 13229, 0, 350, 0),
(1092, 53, 11, 92967, 93881, 0, 600, 0),
(1093, 53, 12, 13443, 13602, 0, 350, 0),
(1094, 53, 13, 80696, 81572, 0, 600, 0),
(1095, 53, 14, 81182, 82084, 0, 600, 0),
(1096, 53, 15, 91290, 92417, 0, 600, 0),
(1097, 53, 16, 113122, 114232, 0, 600, 0),
(1098, 53, 17, 78331, 78953, 0, 600, 0),
(1099, 53, 18, 74574, 75685, 0, 600, 0),
(1100, 53, 19, 101557, 102928, 0, 600, 0),
(1101, 53, 20, 11070, 11319, 0, 350, 0),
(1102, 53, 21, 720, 837, 0, 350, 0),
(1103, 53, 22, 77750, 79144, 0, 600, 0),
(1104, 53, 23, 70871, 71676, 0, 600, 0),
(1105, 53, 24, 46727, 47338, 0, 500, 0),
(1106, 53, 25, 52345, 53176, 0, 500, 0),
(1107, 53, 26, 49487, 49956, 0, 400, 0),
(1108, 53, 27, 13741, 14278, 0, 400, 0),
(1109, 53, 28, 6876, 7613, 0, 600, 0),
(1110, 53, 29, 20971, 21897, 0, 600, 0),
(1111, 53, 30, 6522, 6600, 0, 350, 0),
(1112, 53, 31, 17006, 17184, 0, 0, 0),
(1113, 54, 1, 216132, 218589, 0, 700, 0),
(1114, 54, 2, 19157, 21470, 0, 1000, 0),
(1115, 54, 3, 54948, 55780, 0, 600, 0),
(1116, 54, 4, 51635, 52903, 0, 700, 0),
(1117, 54, 5, 77376, 78408, 0, 600, 0),
(1118, 54, 6, 14080, 16187, 0, 600, 0),
(1119, 54, 7, 8208, 10052, 0, 600, 0),
(1120, 54, 8, 45415, 46264, 0, 600, 0),
(1121, 54, 9, 37071, 37406, 0, 500, 0),
(1122, 54, 10, 13229, 13379, 0, 350, 0),
(1123, 54, 11, 93881, 94773, 0, 600, 0),
(1124, 54, 12, 13602, 13781, 0, 350, 0),
(1125, 54, 13, 81572, 82516, 0, 600, 0),
(1126, 54, 14, 82084, 83079, 0, 600, 0),
(1127, 54, 15, 92417, 93663, 0, 600, 0),
(1128, 54, 16, 114232, 115386, 0, 600, 0),
(1129, 54, 17, 78953, 79545, 0, 600, 0),
(1130, 54, 18, 75685, 76840, 0, 600, 0),
(1131, 54, 19, 102928, 104397, 0, 600, 0),
(1132, 54, 20, 11319, 11506, 0, 350, 0),
(1133, 54, 21, 837, 976, 0, 350, 0),
(1134, 54, 22, 79144, 80620, 0, 600, 0),
(1135, 54, 23, 71676, 72472, 0, 600, 0),
(1136, 54, 24, 47338, 47895, 0, 500, 0),
(1137, 54, 25, 53176, 54074, 0, 500, 0),
(1138, 54, 26, 49956, 50469, 0, 400, 0),
(1139, 54, 27, 14278, 14748, 0, 400, 0),
(1140, 54, 28, 7613, 8408, 0, 600, 0),
(1141, 54, 29, 21897, 22768, 0, 600, 0),
(1142, 54, 30, 6600, 6685, 0, 350, 0),
(1143, 54, 31, 17184, 17396, 0, 0, 0),
(1144, 55, 1, 218589, 220940, 0, 700, 0),
(1145, 55, 2, 21470, 23426, 0, 1000, 0),
(1146, 55, 3, 55780, 56470, 0, 500, 0),
(1147, 55, 4, 52903, 53767, 0, 700, 0),
(1148, 55, 5, 78408, 79287, 0, 600, 0),
(1149, 55, 6, 16187, 18001, 0, 600, 0),
(1150, 55, 7, 10052, 11786, 0, 600, 0),
(1151, 55, 8, 46264, 46970, 0, 600, 0),
(1152, 55, 9, 37406, 37631, 0, 500, 0),
(1153, 55, 10, 13379, 13491, 0, 350, 0),
(1154, 55, 11, 94773, 95444, 0, 600, 0),
(1155, 55, 12, 13781, 13938, 0, 350, 0),
(1156, 55, 13, 82516, 83355, 0, 600, 0),
(1157, 55, 14, 83079, 84079, 0, 600, 0),
(1158, 55, 15, 93663, 94722, 0, 600, 0),
(1159, 55, 16, 115386, 116445, 0, 600, 0),
(1160, 55, 17, 79545, 80045, 0, 600, 0),
(1161, 55, 18, 76840, 77921, 0, 600, 0),
(1162, 55, 19, 104397, 105724, 0, 600, 0),
(1163, 55, 20, 11506, 11652, 0, 350, 0),
(1164, 55, 21, 976, 1110, 0, 350, 0),
(1165, 55, 22, 80620, 81946, 0, 600, 0),
(1166, 55, 23, 72472, 73065, 0, 600, 0),
(1167, 55, 24, 47895, 48365, 0, 500, 0),
(1168, 55, 25, 54074, 54798, 0, 500, 0),
(1169, 55, 26, 50469, 50875, 0, 400, 0),
(1170, 55, 27, 14748, 15085, 0, 400, 0),
(1171, 55, 28, 8408, 9043, 0, 600, 0),
(1172, 55, 29, 23466, 23919, 0, 600, 0),
(1173, 55, 30, 6685, 6762, 0, 350, 0),
(1174, 55, 31, 17396, 17649, 0, 0, 0),
(1175, 56, 29, 23466, 23919, 0, 600, 0),
(1176, 57, 1, 220940, 222537, 0, 700, 0),
(1177, 57, 2, 23426, 24843, 0, 1000, 0),
(1178, 57, 3, 56470, 56978, 0, 500, 0),
(1179, 57, 4, 53767, 54369, 0, 700, 0),
(1180, 57, 5, 79287, 80157, 0, 600, 0),
(1181, 57, 6, 18001, 19641, 0, 600, 0),
(1182, 57, 7, 11786, 13383, 0, 600, 0),
(1183, 57, 8, 46970, 47508, 0, 600, 0),
(1184, 57, 9, 37631, 37821, 0, 500, 0),
(1185, 57, 10, 13491, 13568, 0, 350, 0),
(1186, 57, 11, 95444, 95520, 0, 600, 0),
(1187, 57, 12, 13938, 14078, 0, 350, 0),
(1188, 57, 13, 83355, 84113, 0, 600, 0),
(1189, 57, 14, 84079, 84910, 0, 600, 0),
(1190, 57, 15, 94722, 95714, 0, 600, 0),
(1191, 57, 16, 116445, 117503, 0, 600, 0),
(1192, 57, 17, 80045, 80493, 0, 600, 0),
(1193, 57, 18, 77921, 78902, 0, 600, 0),
(1194, 57, 19, 105724, 106962, 0, 600, 0),
(1195, 57, 20, 11652, 11758, 0, 350, 0),
(1196, 57, 21, 1110, 1261, 0, 350, 0),
(1197, 57, 22, 81946, 83154, 0, 600, 0),
(1198, 57, 23, 73065, 73643, 0, 600, 0),
(1199, 57, 24, 48365, 48743, 0, 500, 0),
(1200, 57, 25, 54798, 55410, 0, 500, 0),
(1201, 57, 26, 50875, 51222, 0, 400, 0),
(1202, 57, 27, 15085, 15432, 0, 400, 0),
(1203, 57, 28, 9043, 9593, 0, 600, 0),
(1204, 57, 29, 23466, 23919, 0, 600, 0),
(1205, 57, 30, 6762, 6825, 0, 350, 0),
(1206, 57, 31, 17649, 17981, 0, 0, 0),
(1207, 58, 1, 222537, 223916, 0, 700, 0),
(1208, 58, 2, 24843, 26258, 0, 1000, 0),
(1209, 58, 3, 56978, 57437, 0, 500, 0),
(1210, 58, 4, 54369, 55011, 0, 700, 0),
(1211, 58, 5, 80157, 80995, 0, 600, 0),
(1212, 58, 6, 19641, 21448, 0, 600, 0),
(1213, 58, 7, 13383, 14942, 0, 600, 0),
(1214, 58, 8, 47508, 48065, 0, 600, 0),
(1215, 58, 9, 37821, 38024, 0, 500, 0),
(1216, 58, 10, 13568, 13649, 0, 350, 0),
(1217, 58, 11, 95520, 96087, 0, 600, 0),
(1218, 58, 12, 14078, 14210, 0, 350, 0),
(1219, 58, 13, 84113, 84867, 0, 600, 0),
(1220, 58, 14, 84910, 85673, 0, 600, 0),
(1221, 58, 15, 95714, 96743, 0, 600, 0),
(1222, 58, 16, 117503, 118518, 0, 600, 0),
(1223, 58, 17, 80493, 80929, 0, 600, 0),
(1224, 58, 18, 78902, 79923, 0, 600, 0),
(1225, 58, 19, 106962, 108199, 0, 600, 0),
(1226, 58, 20, 11758, 11864, 0, 350, 0),
(1227, 58, 21, 1261, 1440, 0, 350, 0),
(1228, 58, 22, 83154, 84468, 0, 600, 0),
(1229, 58, 23, 73643, 74268, 0, 600, 0),
(1230, 58, 24, 48743, 49075, 0, 500, 0),
(1231, 58, 25, 55410, 56032, 0, 500, 0),
(1232, 58, 26, 51222, 51607, 0, 400, 0),
(1233, 58, 27, 15432, 15860, 0, 400, 0),
(1234, 58, 28, 9593, 10183, 0, 600, 0),
(1235, 58, 29, 23919, 23929, 0, 600, 0),
(1236, 58, 30, 6825, 6893, 0, 350, 0),
(1237, 58, 31, 17981, 18242, 0, 0, 0),
(1238, 59, 1, 223916, 225405, 0, 700, 0),
(1239, 59, 2, 26258, 27942, 0, 1000, 0),
(1240, 59, 3, 57437, 57924, 0, 500, 0),
(1241, 59, 4, 55011, 55755, 0, 700, 0),
(1242, 59, 5, 80995, 81905, 0, 600, 0),
(1243, 59, 6, 21448, 23316, 0, 600, 0),
(1244, 59, 7, 14942, 16859, 0, 600, 0),
(1245, 59, 8, 48065, 48692, 0, 600, 0),
(1246, 59, 9, 38024, 38227, 0, 500, 0),
(1247, 59, 10, 13649, 13730, 0, 350, 0),
(1248, 59, 11, 96087, 96903, 0, 600, 0),
(1249, 59, 12, 14210, 14340, 0, 350, 0),
(1250, 59, 13, 84867, 85730, 0, 600, 0),
(1251, 59, 14, 85673, 86483, 0, 600, 0),
(1252, 59, 15, 96743, 97851, 0, 600, 0),
(1253, 59, 16, 118518, 119511, 0, 600, 0),
(1254, 59, 17, 80929, 81409, 0, 600, 0),
(1255, 59, 18, 79923, 80977, 0, 600, 0),
(1256, 59, 19, 108199, 109321, 0, 600, 0),
(1257, 59, 20, 11864, 11963, 0, 350, 0),
(1258, 59, 21, 1440, 1610, 0, 350, 0),
(1259, 59, 22, 84468, 85808, 0, 600, 0),
(1260, 59, 23, 74268, 74914, 0, 600, 0),
(1261, 59, 24, 49075, 49400, 0, 500, 0),
(1262, 59, 25, 56032, 56769, 0, 500, 0),
(1263, 59, 26, 51607, 52012, 0, 400, 0),
(1264, 59, 27, 15860, 16380, 0, 400, 0),
(1265, 59, 28, 10183, 10830, 0, 600, 0),
(1266, 59, 29, 23919, 24484, 0, 600, 0),
(1267, 59, 30, 6893, 6957, 0, 350, 0),
(1268, 59, 31, 18242, 18450, 0, 0, 0),
(1269, 60, 1, 225405, 227172, 0, 700, 0),
(1270, 60, 2, 27942, 29928, 0, 1000, 0),
(1271, 60, 3, 57924, 58459, 0, 500, 0),
(1272, 60, 4, 55755, 56508, 0, 700, 0),
(1273, 60, 5, 81905, 82892, 0, 600, 0),
(1274, 60, 6, 23316, 25187, 0, 600, 0),
(1275, 60, 7, 16859, 18596, 0, 600, 0),
(1276, 60, 8, 48692, 49380, 0, 600, 0),
(1277, 60, 9, 38227, 38421, 0, 500, 0),
(1278, 60, 10, 13730, 14175, 0, 350, 0),
(1279, 60, 11, 96903, 97868, 0, 600, 0),
(1280, 60, 12, 14340, 14490, 0, 350, 0),
(1281, 60, 13, 85730, 86620, 0, 600, 0),
(1282, 60, 14, 86483, 87423, 0, 600, 0),
(1283, 60, 15, 97851, 98927, 0, 600, 0),
(1284, 60, 16, 119511, 120509, 0, 600, 0),
(1285, 60, 17, 81409, 81957, 0, 600, 0),
(1286, 60, 18, 80977, 81930, 0, 600, 0),
(1287, 60, 19, 109321, 110533, 0, 600, 0),
(1288, 60, 20, 11963, 12121, 0, 350, 0),
(1289, 60, 21, 1610, 1757, 0, 350, 0),
(1290, 60, 22, 85808, 87016, 0, 600, 0),
(1291, 60, 23, 74914, 75621, 0, 600, 0),
(1292, 60, 24, 49400, 49680, 0, 500, 0),
(1293, 60, 25, 56769, 57579, 0, 500, 0),
(1294, 60, 26, 52012, 52452, 0, 400, 0),
(1295, 60, 27, 16380, 16987, 0, 400, 0),
(1296, 60, 28, 10830, 11524, 0, 600, 0),
(1297, 60, 29, 24484, 25126, 0, 600, 0),
(1298, 60, 30, 6957, 7020, 0, 350, 0),
(1299, 60, 31, 18450, 18660, 0, 0, 0),
(1300, 61, 1, 227172, 229194, 0, 700, 0),
(1301, 61, 2, 29928, 32276, 0, 1000, 0),
(1302, 61, 3, 58459, 59273, 0, 500, 0),
(1303, 61, 4, 56508, 57593, 0, 700, 0),
(1304, 61, 5, 82892, 84142, 0, 600, 0),
(1305, 61, 6, 25187, 27900, 0, 600, 0),
(1306, 61, 7, 18596, 20735, 0, 600, 0),
(1307, 61, 8, 49380, 50050, 0, 600, 0),
(1308, 61, 9, 38421, 38797, 0, 500, 0),
(1309, 61, 10, 14175, 14323, 0, 350, 0),
(1310, 61, 11, 97868, 99599, 0, 600, 0),
(1311, 61, 12, 14490, 14681, 0, 350, 0),
(1312, 61, 13, 86620, 87769, 0, 600, 0),
(1313, 61, 14, 87423, 88616, 0, 600, 0),
(1314, 61, 15, 98927, 100208, 0, 600, 0),
(1315, 61, 16, 120509, 121697, 0, 600, 0),
(1316, 61, 17, 81957, 82597, 0, 600, 0),
(1317, 61, 18, 81930, 83167, 0, 600, 0),
(1318, 61, 19, 110533, 111941, 0, 600, 0),
(1319, 61, 20, 12121, 12426, 0, 350, 0),
(1320, 61, 21, 1757, 1902, 0, 350, 0),
(1321, 61, 22, 87016, 88619, 0, 600, 0),
(1322, 61, 23, 75621, 76523, 0, 600, 0),
(1323, 61, 24, 49680, 50122, 0, 500, 0),
(1324, 61, 25, 57579, 58677, 0, 500, 0),
(1325, 61, 26, 52452, 53053, 0, 400, 0),
(1326, 61, 27, 16987, 17694, 0, 400, 0),
(1327, 61, 28, 11524, 12445, 0, 600, 0),
(1328, 61, 29, 25126, 25950, 0, 600, 0),
(1329, 61, 30, 7020, 7089, 0, 350, 0),
(1330, 61, 31, 18660, 18819, 0, 0, 0),
(1331, 62, 1, 229194, 232147, 0, 700, 0),
(1332, 62, 2, 32276, 36138, 0, 1000, 0),
(1333, 62, 3, 59273, 61174, 0, 500, 0),
(1334, 62, 4, 57593, 60384, 0, 700, 0),
(1335, 62, 5, 84142, 86556, 0, 600, 0),
(1336, 62, 6, 27900, 32506, 0, 600, 0),
(1337, 62, 7, 20735, 24351, 0, 600, 0),
(1338, 62, 8, 50050, 51586, 0, 600, 0),
(1339, 62, 9, 38797, 39881, 0, 500, 0),
(1340, 62, 10, 14323, 14790, 0, 350, 0),
(1341, 62, 11, 99599, 102197, 0, 600, 0),
(1342, 62, 12, 14681, 14974, 0, 350, 0),
(1343, 62, 13, 87769, 90190, 0, 600, 0),
(1344, 62, 14, 0, 2088, 1, 600, 0),
(1345, 62, 15, 100208, 102801, 0, 600, 0),
(1346, 62, 16, 121697, 123772, 0, 600, 0),
(1347, 62, 17, 82597, 83830, 0, 600, 0),
(1348, 62, 18, 83167, 85504, 0, 600, 0),
(1349, 62, 19, 111941, 114342, 0, 600, 0),
(1350, 62, 20, 12426, 13332, 0, 350, 0),
(1351, 62, 21, 1902, 2152, 0, 350, 0),
(1352, 62, 22, 88619, 91486, 0, 600, 0),
(1353, 62, 23, 76523, 78453, 0, 600, 0),
(1354, 62, 24, 50122, 51406, 0, 500, 0),
(1355, 62, 25, 58677, 60811, 0, 500, 0),
(1356, 62, 26, 53053, 54266, 0, 400, 0),
(1357, 62, 27, 17694, 18960, 0, 400, 0),
(1358, 62, 28, 12445, 14239, 0, 600, 0),
(1359, 62, 29, 25950, 27520, 0, 600, 0),
(1360, 62, 30, 7089, 7201, 0, 350, 0),
(1361, 62, 31, 18819, 19218, 0, 0, 0),
(1362, 63, 1, 232147, 234304, 0, 700, 0),
(1363, 63, 2, 36138, 38110, 0, 1000, 0),
(1364, 63, 3, 61174, 62070, 0, 500, 0),
(1365, 63, 4, 60384, 61617, 0, 700, 0),
(1366, 63, 5, 86556, 87886, 0, 600, 0),
(1367, 63, 6, 32506, 34629, 0, 600, 0),
(1368, 63, 7, 24351, 26189, 0, 600, 0),
(1369, 63, 8, 51586, 52350, 0, 600, 0),
(1370, 63, 9, 39881, 40423, 0, 500, 0),
(1371, 63, 10, 14790, 14979, 0, 350, 0),
(1372, 63, 11, 102197, 104185, 0, 600, 0),
(1373, 63, 12, 14974, 15142, 0, 350, 0),
(1374, 63, 13, 90190, 91256, 0, 600, 0),
(1375, 63, 14, 2088, 3077, 0, 600, 0),
(1376, 63, 15, 102801, 104073, 0, 600, 0),
(1377, 63, 16, 123772, 124748, 0, 600, 0),
(1378, 63, 17, 83830, 84457, 0, 600, 0),
(1379, 63, 18, 85504, 86683, 0, 600, 0),
(1380, 63, 19, 114342, 115534, 0, 600, 0),
(1381, 63, 20, 13332, 13686, 0, 350, 0),
(1382, 63, 21, 2152, 2270, 0, 350, 0),
(1383, 63, 22, 91486, 92921, 0, 600, 0),
(1384, 63, 23, 78453, 79399, 0, 600, 0),
(1385, 63, 24, 51406, 51930, 0, 500, 0),
(1386, 63, 25, 60811, 61779, 0, 500, 0),
(1387, 63, 26, 54266, 54745, 0, 400, 0),
(1388, 63, 27, 18960, 19475, 0, 400, 0),
(1389, 63, 28, 14239, 15030, 0, 600, 0),
(1390, 63, 29, 27520, 28163, 0, 600, 0),
(1391, 63, 30, 7201, 7263, 0, 350, 0),
(1392, 63, 31, 19218, 19413, 0, 0, 0),
(1393, 65, 1, 234304, 237002, 0, 700, 0),
(1394, 65, 2, 38110, 40247, 0, 1000, 0),
(1395, 65, 3, 62070, 62789, 0, 500, 0),
(1396, 65, 4, 61617, 62773, 0, 700, 0),
(1397, 65, 5, 87886, 89452, 0, 600, 0),
(1398, 65, 6, 34629, 36777, 0, 600, 0),
(1399, 65, 7, 26189, 27906, 0, 600, 0),
(1400, 65, 8, 52350, 53042, 0, 600, 0),
(1401, 65, 9, 40423, 40831, 0, 500, 0),
(1402, 65, 10, 14979, 15106, 0, 350, 0),
(1403, 65, 11, 104185, 106764, 0, 600, 0),
(1404, 65, 12, 15142, 15317, 0, 350, 0),
(1405, 65, 13, 91256, 92251, 0, 600, 0),
(1406, 65, 14, 3077, 4050, 0, 600, 0),
(1407, 65, 15, 104073, 105301, 0, 600, 0),
(1408, 65, 16, 124748, 125906, 0, 600, 0),
(1409, 65, 17, 84457, 85026, 0, 600, 0),
(1410, 65, 18, 86683, 87796, 0, 600, 0),
(1411, 65, 19, 115534, 116812, 0, 600, 0),
(1412, 65, 20, 13686, 13917, 0, 350, 0),
(1413, 65, 21, 2270, 2414, 0, 350, 0),
(1414, 65, 22, 92921, 94349, 0, 600, 0),
(1415, 65, 23, 79399, 80431, 0, 600, 0),
(1416, 65, 24, 51930, 52450, 0, 500, 0),
(1417, 65, 25, 61779, 62855, 0, 500, 0),
(1418, 65, 26, 54745, 55209, 0, 400, 0),
(1419, 65, 27, 19475, 20022, 0, 400, 0),
(1420, 65, 28, 15030, 15927, 0, 600, 0),
(1421, 65, 29, 28163, 28858, 0, 600, 0),
(1422, 65, 30, 7263, 7342, 0, 350, 0),
(1423, 65, 31, 19413, 19634, 0, 0, 0),
(1424, 66, 1, 237002, 239554, 0, 700, 0),
(1425, 66, 2, 40247, 42340, 0, 1000, 0),
(1426, 66, 3, 62789, 63653, 0, 500, 0),
(1427, 66, 4, 62773, 64158, 0, 700, 0),
(1428, 66, 5, 89452, 91155, 0, 600, 0),
(1429, 66, 6, 36777, 39176, 0, 600, 0),
(1430, 66, 7, 27906, 29809, 0, 600, 0),
(1431, 66, 8, 4050, 5128, 0, 600, 0),
(1432, 66, 9, 53042, 53958, 0, 600, 0),
(1433, 66, 10, 40831, 41349, 0, 500, 0),
(1434, 66, 11, 15106, 15246, 0, 350, 0),
(1435, 66, 12, 106764, 109296, 0, 600, 0),
(1436, 66, 13, 15317, 15513, 0, 350, 0),
(1437, 66, 14, 92251, 93415, 0, 600, 0),
(1438, 66, 15, 105301, 106664, 0, 600, 0),
(1439, 66, 16, 125906, 127140, 0, 600, 0),
(1440, 66, 17, 85026, 85661, 0, 600, 0),
(1441, 66, 18, 87796, 88980, 0, 600, 0),
(1442, 66, 19, 116812, 118259, 0, 600, 0),
(1443, 66, 20, 13917, 14258, 0, 350, 0),
(1444, 66, 21, 2414, 2556, 0, 350, 0),
(1445, 66, 22, 94349, 95741, 0, 600, 0),
(1446, 66, 23, 80431, 81516, 0, 600, 0),
(1447, 66, 24, 52450, 52832, 0, 500, 0),
(1448, 66, 25, 62855, 63953, 0, 500, 0),
(1449, 66, 26, 55209, 55753, 0, 400, 0),
(1450, 66, 27, 20022, 20736, 0, 400, 0),
(1451, 66, 28, 15927, 16988, 0, 600, 0),
(1452, 66, 29, 28858, 29668, 0, 600, 0),
(1453, 66, 30, 7342, 7418, 0, 350, 0),
(1454, 66, 31, 19634, 19843, 0, 0, 0),
(1455, 68, 26, 55753, 56032, 0, 400, 0),
(1456, 69, 1, 239554, 242179, 0, 700, 0),
(1457, 69, 2, 42340, 44316, 0, 1000, 0),
(1458, 69, 3, 63653, 64352, 0, 500, 0),
(1459, 69, 4, 64158, 65292, 0, 700, 0),
(1460, 69, 5, 91155, 92162, 0, 600, 0),
(1461, 69, 6, 39176, 41293, 0, 600, 0),
(1462, 69, 7, 29809, 31477, 0, 600, 0);
INSERT INTO `reading` (`id`, `session_id`, `shop_id`, `previous`, `current`, `slu`, `svc`, `paid`) VALUES
(1463, 69, 8, 5128, 6034, 0, 600, 0),
(1464, 69, 9, 53958, 54734, 0, 600, 0),
(1465, 69, 10, 41349, 41684, 0, 500, 0),
(1466, 69, 11, 15246, 15355, 0, 350, 0),
(1467, 69, 12, 109296, 111905, 0, 600, 0),
(1468, 69, 13, 15513, 15689, 0, 350, 0),
(1469, 69, 14, 93415, 94377, 0, 600, 0),
(1470, 69, 15, 106664, 107805, 0, 600, 0),
(1471, 69, 16, 127140, 128123, 0, 600, 0),
(1472, 69, 17, 85661, 86177, 0, 600, 0),
(1473, 69, 18, 88980, 90016, 0, 600, 0),
(1474, 69, 19, 118259, 119479, 0, 600, 0),
(1475, 69, 20, 14258, 14474, 0, 350, 0),
(1476, 69, 21, 2556, 2693, 0, 350, 0),
(1477, 69, 22, 95741, 96967, 0, 600, 0),
(1478, 69, 23, 81516, 82485, 0, 600, 0),
(1479, 69, 24, 52832, 52859, 0, 500, 0),
(1480, 69, 25, 63953, 64839, 0, 500, 0),
(1481, 69, 26, 55753, 56032, 0, 400, 0),
(1482, 69, 27, 20736, 21337, 0, 400, 0),
(1483, 69, 28, 16988, 17892, 0, 600, 0),
(1484, 69, 29, 29668, 30374, 0, 600, 0),
(1485, 69, 30, 7418, 7487, 0, 350, 0),
(1486, 69, 31, 19843, 20109, 0, 0, 0),
(1487, 70, 1, 242179, 244504, 0, 700, 0),
(1488, 70, 2, 44316, 46149, 0, 1000, 0),
(1489, 70, 3, 64352, 64950, 0, 500, 0),
(1490, 70, 4, 65292, 66260, 0, 700, 0),
(1491, 70, 5, 92162, 92993, 0, 600, 0),
(1492, 70, 6, 41293, 43381, 0, 600, 0),
(1493, 70, 7, 31477, 32986, 0, 600, 0),
(1494, 70, 8, 6034, 6842, 0, 600, 0),
(1495, 70, 9, 54734, 55476, 0, 600, 0),
(1496, 70, 10, 41684, 41900, 0, 500, 0),
(1497, 70, 11, 15355, 15418, 0, 350, 0),
(1498, 70, 12, 111905, 114167, 0, 600, 0),
(1499, 70, 13, 15689, 15843, 0, 350, 0),
(1500, 70, 14, 94377, 95261, 0, 600, 0),
(1501, 70, 15, 107805, 108799, 0, 600, 0),
(1502, 70, 16, 128123, 129088, 0, 600, 0),
(1503, 70, 17, 86177, 86678, 0, 600, 0),
(1504, 70, 18, 90016, 90995, 0, 600, 0),
(1505, 70, 19, 119479, 120669, 0, 600, 0),
(1506, 70, 20, 14474, 14644, 0, 350, 0),
(1507, 70, 21, 2693, 2833, 0, 350, 0),
(1508, 70, 22, 96967, 98202, 0, 600, 0),
(1509, 70, 23, 82485, 83439, 0, 600, 0),
(1510, 70, 24, 52859, 53663, 0, 500, 0),
(1511, 70, 25, 64839, 65740, 0, 500, 0),
(1512, 70, 26, 56032, 56059, 0, 400, 0),
(1513, 70, 27, 21337, 22011, 0, 400, 0),
(1514, 70, 28, 17892, 18800, 0, 600, 0),
(1515, 70, 29, 30374, 30922, 0, 600, 0),
(1516, 70, 30, 7487, 7555, 0, 350, 0),
(1517, 70, 31, 20109, 20378, 0, 0, 0),
(1518, 71, 1, 244504, 246958, 0, 700, 0),
(1519, 71, 2, 46149, 47940, 0, 1000, 0),
(1520, 71, 3, 64950, 65608, 0, 500, 0),
(1521, 71, 4, 66260, 67201, 0, 700, 0),
(1522, 71, 5, 92993, 93949, 0, 600, 0),
(1523, 71, 6, 43381, 45432, 0, 600, 0),
(1524, 71, 7, 32986, 34689, 0, 600, 0),
(1525, 71, 8, 6842, 7667, 0, 600, 0),
(1526, 71, 9, 55476, 56098, 0, 600, 0),
(1527, 71, 10, 41900, 42091, 0, 500, 0),
(1528, 71, 11, 15418, 15496, 0, 350, 0),
(1529, 71, 12, 114167, 115694, 0, 600, 0),
(1530, 71, 13, 15843, 15996, 0, 350, 0),
(1531, 71, 14, 95261, 96165, 0, 600, 0),
(1532, 71, 15, 108799, 109778, 0, 600, 0),
(1533, 71, 16, 129088, 130142, 0, 600, 0),
(1534, 71, 17, 86678, 87135, 0, 600, 0),
(1535, 71, 18, 90995, 92008, 0, 600, 0),
(1536, 71, 19, 120669, 121857, 0, 600, 0),
(1537, 71, 20, 14644, 14778, 0, 350, 0),
(1538, 71, 21, 2833, 2985, 0, 350, 0),
(1539, 71, 22, 98202, 99376, 0, 600, 0),
(1540, 71, 23, 83439, 84316, 0, 600, 0),
(1541, 71, 24, 53663, 54498, 0, 500, 0),
(1542, 71, 25, 65740, 66615, 0, 500, 0),
(1543, 71, 26, 56059, 56702, 0, 400, 0),
(1544, 71, 27, 22011, 22705, 0, 400, 0),
(1545, 71, 28, 18800, 19728, 0, 600, 0),
(1546, 71, 29, 30922, 31522, 0, 600, 0),
(1547, 71, 30, 7555, 7623, 0, 350, 0),
(1548, 71, 31, 20378, 20670, 0, 0, 0),
(1549, 72, 1, 246958, 248533, 0, 700, 0),
(1550, 72, 2, 47940, 49121, 0, 1000, 0),
(1551, 72, 3, 65608, 66163, 0, 500, 0),
(1552, 72, 4, 67201, 67880, 0, 700, 0),
(1553, 72, 5, 93949, 94704, 0, 600, 0),
(1554, 72, 6, 45432, 47244, 0, 600, 0),
(1555, 72, 7, 34689, 36223, 0, 600, 0),
(1556, 72, 8, 7667, 8315, 0, 600, 0),
(1557, 72, 9, 56098, 56587, 0, 600, 0),
(1558, 72, 10, 42091, 42282, 0, 500, 0),
(1559, 72, 11, 15496, 15568, 0, 350, 0),
(1560, 72, 12, 115694, 116466, 0, 600, 0),
(1561, 72, 13, 15996, 16148, 0, 350, 0),
(1562, 72, 14, 96165, 96980, 0, 600, 0),
(1563, 72, 15, 109778, 110701, 0, 600, 0),
(1564, 72, 16, 130142, 131118, 0, 600, 0),
(1565, 72, 17, 87135, 87520, 0, 600, 0),
(1566, 72, 18, 92008, 93189, 0, 600, 0),
(1567, 72, 19, 121857, 122780, 0, 600, 0),
(1568, 72, 20, 14778, 14882, 0, 350, 0),
(1569, 72, 21, 2985, 3117, 0, 350, 0),
(1570, 72, 22, 99376, 100272, 0, 600, 0),
(1571, 72, 23, 84316, 85029, 0, 600, 0),
(1572, 72, 24, 54498, 55193, 0, 500, 0),
(1573, 72, 25, 66615, 67278, 0, 500, 0),
(1574, 72, 26, 56702, 57358, 0, 400, 0),
(1575, 72, 27, 22705, 23301, 0, 400, 0),
(1576, 72, 28, 19728, 20514, 0, 600, 0),
(1577, 72, 29, 31522, 32008, 0, 600, 0),
(1578, 72, 30, 7623, 7692, 0, 350, 0),
(1579, 72, 31, 20670, 20973, 0, 0, 0),
(1580, 73, 1, 248533, 249722, 0, 700, 0),
(1581, 73, 2, 49121, 50290, 0, 1000, 0),
(1582, 73, 3, 66163, 66625, 0, 500, 0),
(1583, 73, 4, 67880, 68523, 0, 700, 0),
(1584, 73, 5, 94704, 95251, 0, 600, 0),
(1585, 73, 6, 47244, 48810, 0, 600, 0),
(1586, 73, 7, 36223, 37677, 0, 600, 0),
(1587, 73, 8, 8315, 8929, 0, 600, 0),
(1588, 73, 9, 56587, 57006, 0, 600, 0),
(1589, 73, 10, 42282, 42494, 0, 500, 0),
(1590, 73, 11, 15568, 15648, 0, 350, 0),
(1591, 73, 12, 116466, 117048, 0, 600, 0),
(1592, 73, 13, 16148, 16289, 0, 350, 0),
(1593, 73, 14, 96980, 97791, 0, 600, 0),
(1594, 73, 15, 110701, 111660, 0, 600, 0),
(1595, 73, 16, 131118, 131918, 0, 600, 0),
(1596, 73, 17, 87520, 87901, 0, 600, 0),
(1597, 73, 18, 93189, 94517, 0, 600, 0),
(1598, 73, 19, 122780, 123651, 0, 600, 0),
(1599, 73, 20, 14882, 14988, 0, 350, 0),
(1600, 73, 21, 3117, 3256, 0, 350, 0),
(1601, 73, 22, 100272, 101158, 0, 600, 0),
(1602, 73, 23, 85029, 85778, 0, 600, 0),
(1603, 73, 24, 55193, 55926, 0, 500, 0),
(1604, 73, 25, 67278, 67937, 0, 500, 0),
(1605, 73, 26, 57358, 58030, 0, 400, 0),
(1606, 73, 27, 23301, 23801, 0, 400, 0),
(1607, 73, 28, 20514, 21363, 0, 600, 0),
(1608, 73, 29, 32008, 32480, 0, 600, 0),
(1609, 73, 30, 7692, 7755, 0, 350, 0),
(1610, 73, 31, 20973, 21254, 0, 0, 0),
(1611, 74, 1, 249722, 251188, 0, 700, 0),
(1612, 74, 2, 50290, 51827, 0, 1000, 0),
(1613, 74, 3, 66625, 67176, 0, 500, 0),
(1614, 74, 4, 68523, 69322, 0, 700, 0),
(1615, 74, 5, 95251, 96215, 0, 600, 0),
(1616, 74, 6, 48810, 50952, 0, 600, 0),
(1617, 74, 7, 37677, 39428, 0, 600, 0),
(1618, 74, 8, 8929, 9770, 0, 600, 0),
(1619, 74, 9, 57006, 57445, 0, 600, 0),
(1620, 74, 10, 42494, 42638, 0, 500, 0),
(1621, 74, 11, 15648, 15729, 0, 350, 0),
(1622, 74, 12, 117048, 117966, 0, 600, 0),
(1623, 74, 13, 16289, 16435, 0, 350, 0),
(1624, 74, 14, 97791, 98713, 0, 600, 0),
(1625, 74, 15, 111660, 112644, 0, 600, 0),
(1626, 74, 16, 131918, 132782, 0, 600, 0),
(1627, 74, 17, 87901, 88284, 0, 600, 0),
(1628, 74, 18, 94517, 95819, 0, 600, 0),
(1629, 74, 19, 123651, 124660, 0, 600, 0),
(1630, 74, 20, 14988, 15104, 0, 350, 0),
(1631, 74, 21, 3256, 3395, 0, 350, 0),
(1632, 74, 22, 101158, 102103, 0, 600, 0),
(1633, 74, 23, 85778, 86590, 0, 600, 0),
(1634, 74, 24, 67937, 68678, 0, 500, 0),
(1635, 74, 25, 55926, 56685, 0, 500, 0),
(1636, 74, 26, 58030, 58715, 0, 400, 0),
(1637, 74, 27, 23801, 24345, 0, 400, 0),
(1638, 74, 28, 21363, 22183, 0, 600, 0),
(1639, 74, 29, 32480, 32988, 0, 600, 0),
(1640, 74, 30, 7755, 7813, 0, 350, 0),
(1641, 74, 31, 21254, 21483, 0, 0, 0),
(1642, 75, 1, 251188, 252662, 0, 700, 0),
(1643, 75, 2, 51827, 54076, 0, 1000, 0),
(1644, 75, 3, 67176, 68001, 0, 500, 0),
(1645, 75, 4, 69322, 70332, 0, 700, 0),
(1646, 75, 5, 96215, 97800, 0, 600, 0),
(1647, 75, 6, 50952, 53344, 0, 600, 0),
(1648, 75, 7, 39428, 41430, 0, 600, 0),
(1649, 75, 8, 9770, 10804, 0, 600, 0),
(1650, 75, 9, 57445, 58063, 0, 600, 0),
(1651, 75, 10, 42638, 42890, 0, 500, 0),
(1652, 75, 11, 15729, 15856, 0, 350, 0),
(1653, 75, 12, 117966, 119285, 0, 600, 0),
(1654, 75, 13, 16435, 16604, 0, 350, 0),
(1655, 75, 14, 98713, 99807, 0, 600, 0),
(1656, 75, 15, 112644, 113739, 0, 600, 0),
(1657, 75, 16, 132782, 133829, 0, 600, 0),
(1658, 75, 17, 88284, 88688, 0, 600, 0),
(1659, 75, 18, 95819, 97275, 0, 600, 0),
(1660, 75, 19, 124660, 125822, 0, 600, 0),
(1661, 75, 20, 15104, 15334, 0, 350, 0),
(1662, 75, 21, 3395, 3538, 0, 350, 0),
(1663, 75, 22, 102103, 103524, 0, 600, 0),
(1664, 75, 23, 86590, 87664, 0, 600, 0),
(1665, 75, 24, 68678, 69647, 0, 500, 0),
(1666, 75, 25, 56685, 57720, 0, 500, 0),
(1667, 75, 26, 58715, 59621, 0, 400, 0),
(1668, 75, 27, 24345, 25057, 0, 400, 0),
(1669, 75, 28, 22183, 23047, 0, 600, 0),
(1670, 75, 29, 32988, 33734, 0, 600, 0),
(1671, 75, 30, 7813, 7879, 0, 350, 0),
(1672, 75, 31, 21483, 22080, 0, 0, 0),
(1673, 76, 1, 252662, 253299, 0, 700, 0),
(1674, 76, 2, 54076, 55176, 0, 1000, 0),
(1675, 76, 3, 68001, 68363, 0, 500, 0),
(1676, 76, 4, 70332, 70563, 0, 700, 0),
(1677, 76, 5, 97800, 98429, 0, 600, 0),
(1678, 76, 6, 53344, 54236, 0, 600, 0),
(1679, 76, 7, 41430, 42138, 0, 600, 0),
(1680, 76, 8, 10804, 11164, 0, 600, 0),
(1681, 76, 9, 58063, 58301, 0, 600, 0),
(1682, 76, 10, 42890, 43009, 0, 500, 0),
(1683, 76, 11, 15856, 15896, 0, 350, 0),
(1684, 76, 12, 119285, 120280, 0, 600, 0),
(1685, 76, 13, 16604, 16707, 0, 350, 0),
(1686, 76, 14, 99807, 100383, 0, 600, 0),
(1687, 76, 15, 113739, 114272, 0, 600, 0),
(1688, 76, 16, 133829, 134460, 0, 600, 0),
(1689, 76, 17, 88688, 88871, 0, 600, 0),
(1690, 76, 18, 97275, 97980, 0, 600, 0),
(1691, 76, 19, 125822, 126454, 0, 600, 0),
(1692, 76, 20, 15334, 15440, 0, 350, 0),
(1693, 76, 21, 3538, 3617, 0, 350, 0),
(1694, 76, 22, 103524, 104319, 0, 600, 0),
(1695, 76, 23, 87664, 87899, 0, 600, 0),
(1696, 76, 24, 69647, 70140, 0, 500, 0),
(1697, 76, 25, 57720, 58234, 0, 500, 0),
(1698, 76, 26, 59621, 60076, 0, 400, 0),
(1699, 76, 27, 25057, 25478, 0, 400, 0),
(1700, 76, 28, 23047, 23315, 0, 600, 0),
(1701, 76, 29, 33734, 34055, 0, 600, 0),
(1702, 76, 30, 7879, 7914, 0, 350, 0),
(1703, 76, 31, 22080, 22263, 0, 0, 0),
(1704, 77, 1, 253299, 254637, 0, 700, 0),
(1705, 77, 2, 55176, 56802, 0, 1000, 0),
(1706, 77, 3, 68363, 69134, 0, 500, 0),
(1707, 77, 4, 70563, 71269, 0, 700, 0),
(1708, 77, 5, 98429, 100101, 0, 600, 0),
(1709, 77, 6, 54236, 55796, 0, 600, 0),
(1710, 77, 7, 42138, 43712, 0, 600, 0),
(1711, 77, 8, 11164, 11906, 0, 600, 0),
(1712, 77, 9, 58301, 58725, 0, 600, 0),
(1713, 77, 10, 43009, 43213, 0, 500, 0),
(1714, 77, 11, 15909, 15968, 0, 350, 0),
(1715, 77, 12, 120280, 121617, 0, 600, 0),
(1716, 77, 13, 16707, 16837, 0, 350, 0),
(1717, 77, 14, 100383, 101252, 0, 600, 0),
(1718, 77, 15, 114272, 115062, 0, 600, 0),
(1719, 77, 16, 134460, 135383, 0, 600, 0),
(1720, 77, 17, 88871, 89203, 0, 600, 0),
(1721, 77, 18, 97980, 99039, 0, 600, 0),
(1722, 77, 19, 126454, 127286, 0, 600, 0),
(1723, 77, 20, 15440, 15560, 0, 350, 0),
(1724, 77, 21, 3617, 3708, 0, 350, 0),
(1725, 77, 22, 104319, 105356, 0, 600, 0),
(1726, 77, 23, 87899, 88601, 0, 600, 0),
(1727, 77, 24, 70140, 70718, 0, 500, 0),
(1728, 77, 25, 58234, 58918, 0, 500, 0),
(1729, 77, 26, 60076, 60780, 0, 400, 0),
(1730, 77, 27, 25478, 26048, 0, 400, 0),
(1731, 77, 28, 23315, 23903, 0, 600, 0),
(1732, 77, 29, 34055, 34509, 0, 600, 0),
(1733, 77, 30, 7914, 7957, 0, 350, 0),
(1734, 77, 31, 22263, 22417, 0, 0, 0),
(1735, 81, 1, 254637, 256127, 0, 700, 0),
(1736, 81, 2, 56802, 58423, 0, 1000, 0),
(1737, 81, 3, 69134, 69840, 0, 500, 0),
(1738, 81, 4, 71269, 71747, 0, 700, 0),
(1739, 81, 5, 100101, 101504, 0, 600, 0),
(1740, 81, 6, 55796, 57263, 0, 600, 0),
(1741, 81, 7, 43712, 45431, 0, 600, 0),
(1742, 81, 8, 11906, 12651, 0, 600, 0),
(1743, 81, 9, 58725, 59186, 0, 600, 0),
(1744, 81, 10, 43213, 43450, 0, 500, 0),
(1745, 81, 11, 15968, 16110, 0, 350, 0),
(1746, 81, 12, 121617, 123187, 0, 600, 0),
(1747, 81, 13, 16837, 16974, 0, 350, 0),
(1748, 81, 14, 101252, 102184, 0, 600, 0),
(1749, 81, 15, 115062, 115792, 0, 600, 0),
(1750, 81, 16, 135383, 136340, 0, 600, 0),
(1751, 81, 17, 89203, 89578, 0, 600, 0),
(1752, 81, 18, 99039, 100164, 0, 600, 0),
(1753, 81, 19, 127286, 128128, 0, 600, 0),
(1754, 81, 20, 15560, 15682, 0, 350, 0),
(1755, 81, 21, 3708, 3809, 0, 350, 0),
(1756, 81, 22, 105356, 106375, 0, 600, 0),
(1757, 81, 23, 88601, 89231, 0, 600, 0),
(1758, 81, 24, 70718, 71347, 0, 500, 0),
(1759, 81, 25, 58918, 59643, 0, 500, 0),
(1760, 81, 26, 60780, 61426, 0, 400, 0),
(1761, 81, 27, 26048, 26587, 0, 400, 0),
(1762, 81, 28, 23903, 24597, 0, 600, 0),
(1763, 81, 29, 34509, 34929, 0, 600, 0),
(1764, 81, 30, 7957, 7997, 0, 350, 0),
(1765, 81, 31, 22417, 22632, 0, 0, 0),
(1766, 84, 1, 256127, 257784, 0, 700, 0),
(1767, 84, 2, 58423, 60198, 0, 1000, 0),
(1768, 84, 3, 69840, 70436, 0, 500, 0),
(1769, 84, 4, 71747, 72296, 0, 700, 0),
(1770, 84, 5, 101504, 102940, 0, 600, 0),
(1771, 84, 6, 57263, 58821, 0, 600, 0),
(1772, 84, 7, 45431, 47148, 0, 600, 0),
(1773, 84, 8, 12651, 13423, 0, 600, 0),
(1774, 84, 9, 59186, 59721, 0, 600, 0),
(1775, 84, 10, 43450, 43686, 0, 500, 0),
(1776, 84, 11, 16110, 16247, 0, 350, 0),
(1777, 84, 12, 123187, 124676, 0, 600, 0),
(1778, 84, 13, 16974, 17102, 0, 350, 0),
(1779, 84, 14, 102184, 103058, 0, 600, 0),
(1780, 84, 15, 115792, 116554, 0, 600, 0),
(1781, 84, 16, 136340, 137118, 0, 600, 0),
(1782, 84, 17, 89578, 89929, 0, 600, 0),
(1783, 84, 18, 100164, 101234, 0, 600, 0),
(1784, 84, 19, 128128, 129013, 0, 600, 0),
(1785, 84, 20, 15682, 15788, 0, 350, 0),
(1786, 84, 21, 3809, 3902, 0, 350, 0),
(1787, 84, 22, 106375, 107384, 0, 600, 0),
(1788, 84, 23, 89231, 89893, 0, 600, 0),
(1789, 84, 24, 71347, 71980, 0, 500, 0),
(1790, 84, 25, 59643, 60334, 0, 500, 0),
(1791, 84, 26, 61426, 62129, 0, 400, 0),
(1792, 84, 27, 26587, 27249, 0, 400, 0),
(1793, 84, 28, 24597, 25276, 0, 600, 0),
(1794, 84, 29, 34929, 35500, 0, 600, 0),
(1795, 84, 30, 7997, 8039, 0, 350, 0),
(1796, 84, 31, 22632, 22820, 0, 0, 0),
(1797, 89, 1, 257784, 259925, 0, 700, 0),
(1798, 89, 2, 60198, 62099, 0, 1000, 0),
(1799, 89, 3, 70436, 71318, 0, 500, 0),
(1800, 89, 4, 72296, 73213, 0, 700, 0),
(1801, 89, 5, 102940, 104436, 0, 600, 0),
(1802, 89, 6, 58821, 60996, 0, 600, 0),
(1803, 89, 7, 47148, 49612, 0, 600, 0),
(1804, 89, 8, 13423, 14614, 0, 600, 0),
(1805, 89, 9, 59721, 60473, 0, 600, 0),
(1806, 89, 10, 43686, 43975, 0, 500, 0),
(1807, 89, 11, 16247, 16431, 0, 350, 0),
(1808, 89, 12, 124676, 126745, 0, 600, 0),
(1809, 89, 13, 17102, 17290, 0, 350, 0),
(1810, 89, 14, 103058, 104331, 0, 600, 0),
(1811, 89, 15, 116554, 117716, 0, 600, 0),
(1812, 89, 16, 137118, 138490, 0, 600, 0),
(1813, 89, 17, 89929, 90431, 0, 600, 0),
(1814, 89, 18, 101234, 102784, 0, 600, 0),
(1815, 89, 19, 129013, 130366, 0, 600, 0),
(1816, 89, 20, 15788, 15934, 0, 350, 0),
(1817, 89, 21, 3902, 4024, 0, 350, 0),
(1818, 89, 22, 107384, 108672, 0, 600, 0),
(1819, 89, 23, 89893, 90885, 0, 600, 0),
(1820, 89, 24, 71980, 72858, 0, 500, 0),
(1821, 89, 25, 60334, 61218, 0, 500, 0),
(1822, 89, 26, 62129, 63120, 0, 400, 0),
(1823, 89, 27, 27249, 28141, 0, 400, 0),
(1824, 89, 28, 25276, 26194, 0, 600, 0),
(1825, 89, 29, 35500, 36231, 0, 600, 0),
(1826, 89, 30, 8039, 8109, 0, 350, 0),
(1827, 89, 31, 22820, 23113, 0, 0, 0);

-- --------------------------------------------------------

--
-- Table structure for table `reading_paydate`
--

CREATE TABLE `reading_paydate` (
  `reading_id` int(20) UNSIGNED NOT NULL,
  `paydate` date NOT NULL
) ENGINE=InnoDB DEFAULT CHARSET=utf8 COLLATE=utf8_unicode_ci;

-- --------------------------------------------------------

--
-- Table structure for table `session`
--

CREATE TABLE `session` (
  `id` int(10) UNSIGNED NOT NULL,
  `month_id` int(2) UNSIGNED NOT NULL,
  `year` int(4) UNSIGNED NOT NULL,
  `creation` date NOT NULL,
  `start` date NOT NULL,
  `end` date NOT NULL,
  `last` date NOT NULL,
  `pre_off` float NOT NULL COMMENT 'Previous Off pick',
  `pre_pic` float NOT NULL COMMENT 'Previous Pick',
  `new_off` float NOT NULL COMMENT 'New Off Pick',
  `new_pic` float NOT NULL COMMENT 'New Pick',
  `unitrate` float UNSIGNED NOT NULL,
  `main_meter_number` varchar(100) COLLATE utf8_unicode_ci NOT NULL
) ENGINE=InnoDB DEFAULT CHARSET=utf8 COLLATE=utf8_unicode_ci;

--
-- Dumping data for table `session`
--

INSERT INTO `session` (`id`, `month_id`, `year`, `creation`, `start`, `end`, `last`, `pre_off`, `pre_pic`, `new_off`, `new_pic`, `unitrate`, `main_meter_number`) VALUES
(1, 8, 2016, '2016-08-11', '2016-08-10', '2016-08-11', '2016-08-10', 11000, 19000, 12000, 19500, 13, ''),
(2, 8, 2016, '2016-08-21', '2016-08-21', '2016-08-21', '2016-08-21', 11000, 19000, 12000, 19500, 13, '1'),
(3, 8, 2016, '2016-08-23', '2016-08-23', '2016-08-23', '2016-08-23', 11000, 19000, 12000, 19500, 13, ''),
(4, 8, 2016, '2016-08-24', '2016-08-24', '2016-08-24', '2016-08-24', 11000, 19000, 12000, 19500, 13, ''),
(5, 11, 2016, '2016-12-01', '2016-10-28', '2016-11-27', '2016-12-18', 334958, 262199, 346285, 271373, 13, '05393920'),
(6, 12, 2016, '2016-12-01', '2016-10-28', '2016-11-27', '2016-12-18', 334958, 262199, 346285, 271373, 13, '05393920'),
(7, 11, 2016, '2016-12-04', '2016-12-04', '2016-12-04', '2016-12-04', 1313, 12312, 2131, 3131, 13, '3213213'),
(8, 11, 2016, '2016-12-01', '2016-10-28', '2016-11-27', '2016-12-18', 334958, 262199, 346285, 271373, 13, '05393920'),
(9, 12, 2016, '2017-01-01', '2016-11-28', '2016-12-29', '2017-01-18', 346285, 271373, 356811, 280199, 13, '05393920'),
(10, 1, 2017, '2017-02-01', '2016-12-30', '2017-01-30', '2017-02-18', 356811, 280199, 366919, 288549, 13, '05393920'),
(11, 2, 2017, '2017-03-02', '2017-01-31', '2017-03-01', '2017-03-18', 366919, 288549, 377761, 297795, 13, '05393920'),
(12, 2, 2017, '2017-03-01', '0000-00-00', '2017-03-01', '2017-03-20', 0, 0, 0, 0, 13, '05393920'),
(13, 2, 2017, '2017-03-01', '2017-01-31', '2017-03-01', '2017-03-20', 366919, 288549, 377761, 297795, 13, '05393920'),
(14, 4, 2017, '2017-04-01', '2017-03-02', '2017-03-29', '2017-04-18', 377761, 297795, 389093, 307404, 13, '05393920'),
(15, 4, 2017, '2017-05-04', '2017-03-30', '2017-05-03', '2017-05-18', 0, 0, 0, 0, 13, '05393920'),
(16, 4, 2017, '2017-05-04', '2017-03-30', '2017-05-03', '2017-05-18', 389093, 307404, 406798, 322399, 13, '05393920'),
(17, 5, 2017, '2017-06-04', '2017-05-04', '2017-06-01', '2017-06-15', 406798, 322399, 424949, 337024, 13, '05393920'),
(18, 6, 2017, '2017-07-05', '2017-06-05', '2017-07-03', '2017-07-18', 424949, 337024, 453721, 355882, 13, '05393920'),
(19, 7, 2017, '2017-08-03', '2017-07-04', '2017-08-02', '2017-08-18', 453721, 355882, 467289, 366908, 13, '05393920'),
(20, 8, 2017, '2017-09-01', '2017-08-03', '2017-08-27', '2017-09-18', 467289, 366908, 480157, 378636, 13, '05393920'),
(21, 9, 2017, '2017-10-01', '2017-08-28', '2017-09-28', '2017-10-18', 480157, 378636, 495423, 391428, 13, '05393920'),
(22, 10, 2017, '2017-11-01', '2017-09-29', '2017-10-30', '2017-11-18', 495423, 391428, 509545, 402467, 13, '05393920'),
(23, 11, 2017, '2017-12-01', '2017-11-01', '2017-11-29', '2017-12-20', 509545, 402467, 521420, 412006, 13, '05393920'),
(24, 12, 2017, '2017-12-01', '2017-12-02', '2017-12-19', '2017-12-20', 509545, 402467, 521420, 412006, 13, '05393920'),
(25, 12, 2017, '2017-12-01', '2017-12-02', '2017-12-17', '2017-12-19', 509545, 402467, 521420, 412006, 13, '05393920'),
(26, 12, 2017, '2017-12-01', '2017-11-01', '2017-12-19', '2017-12-20', 509545, 402467, 521420, 412006, 13, '05393920'),
(27, 12, 2017, '2017-12-22', '2017-12-22', '2017-12-22', '2017-12-22', 509545, 402467, 521420, 412006, 13, '05393920'),
(28, 12, 2017, '2018-01-01', '2017-12-27', '2017-12-27', '2017-12-27', 509545, 402467, 521420, 412006, 13, '05393920'),
(29, 12, 2017, '2018-01-01', '2017-12-27', '2017-12-27', '2017-12-27', 509545, 402467, 521420, 412006, 13, '05393920'),
(30, 12, 2017, '2017-12-27', '2017-12-27', '2017-12-27', '2017-12-27', 509545, 402467, 521420, 412006, 13, '05393920'),
(31, 12, 2017, '2018-01-01', '2017-12-27', '2017-12-27', '2018-01-20', 509545, 402467, 521420, 412006, 13, '05393920'),
(32, 12, 2017, '2018-01-01', '2018-01-02', '2018-01-02', '2018-01-20', 521420, 412006, 532012, 421517, 13, '05393920'),
(33, 1, 2018, '2018-02-01', '2018-02-09', '2018-02-09', '2018-02-09', 532012, 421517, 542071, 430287, 13, '05393920'),
(34, 1, 2018, '2018-02-01', '2018-02-09', '2018-02-09', '2018-02-09', 532012, 421517, 542071, 430287, 13, '05393920'),
(35, 1, 2018, '2018-02-01', '2018-02-10', '2018-02-10', '2018-02-20', 532012, 421517, 542071, 430287, 13, '05393920'),
(36, 1, 2018, '2018-02-01', '2018-02-10', '2018-02-10', '2018-02-20', 532012, 421517, 542071, 430287, 13, '05393920'),
(37, 2, 2018, '2018-03-01', '2018-03-07', '2018-03-07', '2018-03-20', 542071, 430287, 553602, 440338, 13, '05393920'),
(38, 3, 2018, '2018-04-01', '2018-04-06', '2018-04-06', '2018-04-06', 553602, 440338, 567788, 452365, 13, '05393920'),
(39, 3, 2018, '2018-04-01', '2018-04-06', '2018-04-06', '2018-04-20', 553602, 440338, 567788, 452365, 13, '05393920'),
(40, 3, 2018, '2018-04-01', '2018-04-07', '2018-04-07', '2018-04-20', 553602, 440338, 567788, 452365, 13, '05393920'),
(41, 3, 2018, '2018-04-01', '2018-04-08', '2018-04-08', '2018-04-20', 553602, 440338, 567788, 452365, 13, '05393920'),
(42, 4, 2018, '2018-05-01', '2018-05-04', '2018-05-04', '2018-05-20', 567788, 452365, 584325, 465773, 13, '05393920'),
(43, 6, 2018, '2018-06-01', '2018-06-01', '2018-06-01', '2018-06-12', 584325, 465773, 604624, 482618, 13, '05393920'),
(44, 5, 2018, '2018-06-01', '2018-06-04', '2018-06-12', '2018-06-12', 584325, 465773, 604624, 482618, 13, '05393920'),
(45, 6, 2018, '2018-07-01', '2018-07-04', '2018-07-04', '2018-07-04', 604624, 482618, 634260, 500668, 13, '05393920'),
(46, 6, 2018, '2018-07-04', '2018-07-04', '2018-07-04', '2018-07-20', 604624, 482618, 634260, 500668, 13, '05393920'),
(47, 6, 2018, '2018-07-01', '2018-07-01', '2018-07-04', '2018-07-20', 604624, 482618, 634260, 500668, 13, '05393920'),
(48, 6, 2018, '2018-07-01', '2018-07-05', '2018-07-05', '2018-07-20', 604624, 482618, 634260, 500668, 13, '05393920'),
(49, 7, 2018, '2018-07-29', '2018-07-29', '2018-07-29', '2018-08-20', 634260, 500668, 650434, 513530, 13, '05393920'),
(50, 7, 2018, '2018-08-01', '2018-07-31', '2018-07-31', '2018-08-20', 634260, 500668, 650434, 513530, 13, '05393920'),
(51, 8, 2018, '2018-09-01', '2018-09-02', '2018-09-02', '2018-09-20', 650434, 513530, 665529, 526466, 13, '05393920'),
(52, 8, 2018, '2018-09-01', '2018-09-01', '2018-09-01', '2018-09-20', 650434, 513530, 665529, 526466, 13, '05393920'),
(53, 9, 2018, '2018-10-01', '2018-10-01', '2018-10-01', '2018-10-20', 665529, 526466, 680964, 538454, 13, '05393920'),
(54, 10, 2018, '2018-11-01', '2018-11-01', '2018-11-20', '2018-11-20', 680964, 538454, 696461, 551401, 13, '05393920'),
(55, 11, 2018, '2018-12-01', '2018-12-01', '2018-12-20', '2018-12-20', 696461, 551401, 710182, 563173, 13, '05393920'),
(56, 12, 2018, '2018-12-28', '2018-12-28', '2018-12-28', '2019-01-20', 710182, 563173, 721198, 573154, 13, '05393920'),
(57, 12, 2018, '2019-01-01', '2019-01-02', '2019-01-02', '2019-01-20', 710182, 563173, 721198, 573154, 13, '05393920'),
(58, 1, 2019, '2019-02-01', '2019-02-05', '2019-02-05', '2019-02-20', 721198, 573154, 732141, 582857, 13, '05393920'),
(59, 2, 2019, '2019-03-01', '2019-03-06', '2019-03-06', '2019-03-20', 732141, 582857, 744478, 593960, 13, '05393920'),
(60, 3, 2019, '2019-04-01', '2019-04-02', '2019-04-02', '2019-04-20', 744478, 593960, 757614, 605394, 13, '05393920'),
(61, 4, 2019, '2019-05-01', '2019-05-09', '2019-05-09', '2019-05-20', 757614, 605394, 774664, 619926, 13, '05393920'),
(62, 5, 2019, '2019-06-01', '2019-06-10', '2019-06-10', '2019-06-20', 774664, 619926, 808865, 644381, 13, '05393920'),
(63, 6, 2019, '2019-07-01', '2019-07-05', '2019-07-05', '2019-07-20', 808865, 644381, 826841, 657323, 13, '05393920'),
(64, 7, 2019, '2019-08-01', '2019-08-06', '2019-08-06', '2019-08-20', 826841, 657323, 843192, 671645, 13, '05393920'),
(65, 7, 2019, '2019-08-01', '2019-08-06', '2019-08-06', '2019-08-20', 826841, 657323, 843192, 671645, 13, '05393920'),
(66, 8, 2019, '2019-09-01', '2019-09-05', '2019-09-05', '2019-09-20', 843192, 671645, 860839, 687140, 13, '05393920'),
(67, 9, 2019, '2019-09-21', '2019-09-21', '2019-09-21', '2019-10-20', 826841, 657323, 843192, 671645, 13, '05393920'),
(68, 9, 2019, '2019-09-21', '2019-09-21', '2019-09-21', '2019-09-21', 843192, 671645, 860839, 687140, 13, '05393920'),
(69, 9, 2019, '2019-10-01', '2019-10-05', '2019-10-05', '2019-10-20', 860839, 687140, 876312, 700404, 13, '05393920'),
(70, 10, 2019, '2019-11-01', '2019-11-03', '2019-11-03', '2019-11-20', 876312, 700404, 890234, 712710, 13, '05393920'),
(71, 11, 2019, '2019-12-01', '2019-12-01', '2019-12-05', '2019-12-20', 890234, 712710, 904952, 725601, 13, '05393920'),
(72, 12, 2019, '2020-01-01', '2020-01-05', '2020-01-05', '2020-01-20', 904952, 725601, 916072, 736244, 13, '05393920'),
(73, 1, 2020, '2020-02-01', '2020-02-06', '2020-02-06', '2020-02-20', 916072, 736244, 925854, 745861, 13, '05393920'),
(74, 2, 2020, '2020-03-01', '2020-03-06', '2020-03-06', '2020-03-20', 925854, 745861, 938540, 757577, 13, '05393920'),
(75, 5, 2020, '2020-06-01', '2020-06-01', '2020-06-07', '2020-06-20', 938540, 757577, 960349, 766959, 13, '05393920'),
(76, 6, 2020, '2020-07-01', '2020-07-07', '2020-07-07', '2020-07-20', 960349, 766959, 971725, 767472, 13, '05393920'),
(77, 7, 2020, '2020-08-01', '2020-08-04', '2020-08-04', '2020-08-20', 971725, 767472, 987839, 775194, 13, '05393920'),
(78, 8, 2020, '2020-09-01', '2020-09-06', '2020-09-06', '2020-09-20', 987839, 775194, 1001780, 784150, 13, '05393920'),
(79, 9, 2020, '2020-09-01', '2020-09-06', '2020-09-06', '2020-09-20', 987839, 775194, 1001780, 784150, 13, '05393920'),
(80, 8, 2020, '2020-09-01', '2020-09-06', '2020-09-06', '2020-09-20', 987839, 775194, 1001780, 784150, 13, '05393920'),
(81, 8, 2020, '2020-09-01', '2020-09-06', '2020-09-06', '2020-09-20', 987839, 775194, 1001780, 784150, 13, '05393920'),
(82, 9, 2020, '2020-10-01', '2020-10-02', '2020-10-02', '2020-10-20', 1001780, 784150, 1015740, 793923, 13, '05393920'),
(83, 9, 2020, '2020-10-01', '2020-10-02', '2020-10-02', '2020-10-20', 1001780, 784150, 1015740, 793923, 13, '05393920'),
(84, 9, 2020, '2020-10-01', '2020-10-02', '2020-10-02', '2020-10-20', 1001780, 784150, 1015740, 793923, 13, '05393920'),
(85, 10, 2020, '2020-11-01', '2020-11-03', '2020-11-03', '2020-11-20', 1015740, 793923, 1033810, 808242, 13, '05393920'),
(86, 10, 2020, '2020-11-01', '2020-11-03', '2020-11-03', '2020-11-20', 1015740, 793923, 1033810, 808242, 13, '05393920'),
(87, 10, 2020, '2020-11-01', '2020-11-03', '2020-11-03', '2020-11-20', 1015740, 793923, 1033800, 808242, 13, '05393920'),
(88, 10, 2020, '2020-11-01', '2020-11-03', '2020-11-03', '2020-11-20', 1015740, 793923, 1033800, 808242, 13, '05393920'),
(89, 10, 2020, '2020-11-01', '2020-11-03', '2020-11-03', '2020-11-20', 1015740, 793923, 1033810, 808242, 13, '05393920');

-- --------------------------------------------------------

--
-- Table structure for table `shop`
--

CREATE TABLE `shop` (
  `id` int(10) UNSIGNED NOT NULL,
  `shop` varchar(200) COLLATE utf8_unicode_ci NOT NULL,
  `meter` varchar(50) COLLATE utf8_unicode_ci NOT NULL,
  `info` text COLLATE utf8_unicode_ci NOT NULL,
  `svc` float UNSIGNED NOT NULL,
  `active` int(1) UNSIGNED NOT NULL DEFAULT 1 COMMENT '0=Inactive, 1=Active'
) ENGINE=InnoDB DEFAULT CHARSET=utf8 COLLATE=utf8_unicode_ci;

--
-- Dumping data for table `shop`
--

INSERT INTO `shop` (`id`, `shop`, `meter`, `info`, `svc`, `active`) VALUES
(1, 'ছায়ানীড়', '৩২৭৯০', '', 700, 1),
(2, 'লংলা', '৬২৩৪', '', 1000, 1),
(3, 'শিউলী  ষ্টোর ', '৪৫৬৯৭', '', 500, 1),
(4, 'পাঞ্জাবী  গ্যালারি', '৯২৯১৫', '', 700, 1),
(5, 'ববি  গার্মেন্টস', '৪১২৭৬', '', 600, 1),
(6, 'এম ক্রাফট ', '৫৮৬৬৫', '', 600, 1),
(7, 'চাঁন্দ এন্ড সন্স', '১৫৮৬৮৯', '', 600, 1),
(8, 'মোনালিসা ফ্যাশন', '১৫৯১৮১', '', 600, 1),
(9, 'মুন গামেন্টস', '১৫৯১৬৭', '', 600, 1),
(10, 'ইভা গার্মেন্টস', '১৫৯১৬৮', '', 500, 1),
(11, 'আম্মাান ফ্যাশন', '১৫৯১৬৬', '', 350, 1),
(12, 'ছায়া  শরমা', '১৫৮৩৪২', '', 600, 1),
(13, 'বেনমাস ফ্যাশন', '১৫৯১৬৪', '', 350, 1),
(14, 'খাদি মিউজিয়াম', '১৫৯১৬৩', '', 600, 1),
(15, 'খাদি বিতান', '১৫৯১৬২', '', 600, 1),
(16, 'রেশম ঘর ', '১৫৯১৭৪', '', 600, 1),
(17, 'ইয়াদ মুর্শেদ', '৩৭১২৪', '', 600, 1),
(18, 'ময়ূরী ', '৩৯৩৮৭৯', '', 600, 1),
(19, 'শৈলী ফ্যাশন', '১৫৮৩৪১', '', 600, 1),
(20, 'নবারুন  ফ্যাশন', '৮০৯৩৩০', '', 350, 1),
(21, 'পরিবতন -  ১', '৮৫২৩৫', '', 350, 1),
(22, 'নিউ  প্রিন্স', '৪০৪২৪৪', '', 600, 1),
(23, 'কিংবা', '১৫৮৩৩৯', '', 600, 1),
(24, 'সাফওয়ান্স ', '১৫৯১৭২', '', 500, 1),
(25, 'নবনী', '১৫৯১৭১', '', 500, 1),
(26, 'তিজারাহ', '১৫৮৩৩৮', '', 400, 1),
(27, 'সিমিন ', '৬৬০৮১৫', '', 400, 1),
(28, 'এম জে ফেব্রিকস', '১৬১৮৬২', '', 600, 1),
(29, 'সাবা ফ্যাশন', '৬৮৫৮৫০', '', 600, 1),
(30, 'পরিবর্তন - ২', '১৫৯১৭০', '', 350, 1),
(31, 'মার্কেট   লাইট', '১৫৮৩৩৭', '', 0, 1);

-- --------------------------------------------------------

--
-- Table structure for table `user`
--

CREATE TABLE `user` (
  `id` int(11) UNSIGNED NOT NULL,
  `user` varchar(32) COLLATE utf8_unicode_ci NOT NULL,
  `enuser` varchar(32) COLLATE utf8_unicode_ci NOT NULL,
  `pass` varchar(32) COLLATE utf8_unicode_ci NOT NULL,
  `interface_id` int(1) UNSIGNED NOT NULL,
  `level` tinyint(1) UNSIGNED NOT NULL COMMENT '0=Suspended, 1=Admin, 2=Soft-Operator, 3=Site-Operator'
) ENGINE=InnoDB DEFAULT CHARSET=utf8 COLLATE=utf8_unicode_ci;

--
-- Dumping data for table `user`
--

INSERT INTO `user` (`id`, `user`, `enuser`, `pass`, `interface_id`, `level`) VALUES
(1, 'RASEL', 'd05457b0eb04811c455ad75f22e9a6c2', '827ccb0eea8a706c4c34a16891f84e7b', 2, 2),
(2, 'nahin', '47d60f8c85fc25583958700ed9a0bca6', '72b302bf297a228a75730123efef7c41', 2, 1),
(3, 'TEST', '033bd94b1168d7e4f0d644c3c95e35bf', '098f6bcd4621d373cade4e832627b4f6', 2, 0);

--
-- Indexes for dumped tables
--

--
-- Indexes for table `ebn`
--
ALTER TABLE `ebn`
  ADD PRIMARY KEY (`id`);

--
-- Indexes for table `fee`
--
ALTER TABLE `fee`
  ADD KEY `FK_fee_2` (`feetype_id`),
  ADD KEY `FK_fee_1` (`reading_id`);

--
-- Indexes for table `feetype`
--
ALTER TABLE `feetype`
  ADD PRIMARY KEY (`id`);

--
-- Indexes for table `fixedtext`
--
ALTER TABLE `fixedtext`
  ADD PRIMARY KEY (`id`);

--
-- Indexes for table `interface`
--
ALTER TABLE `interface`
  ADD PRIMARY KEY (`id`);

--
-- Indexes for table `month`
--
ALTER TABLE `month`
  ADD PRIMARY KEY (`id`);

--
-- Indexes for table `reading`
--
ALTER TABLE `reading`
  ADD PRIMARY KEY (`id`),
  ADD KEY `FK_reading_1` (`session_id`),
  ADD KEY `FK_reading_2` (`shop_id`);

--
-- Indexes for table `reading_paydate`
--
ALTER TABLE `reading_paydate`
  ADD PRIMARY KEY (`reading_id`);

--
-- Indexes for table `session`
--
ALTER TABLE `session`
  ADD PRIMARY KEY (`id`),
  ADD KEY `FK_session_1` (`month_id`);

--
-- Indexes for table `shop`
--
ALTER TABLE `shop`
  ADD PRIMARY KEY (`id`);

--
-- Indexes for table `user`
--
ALTER TABLE `user`
  ADD PRIMARY KEY (`id`),
  ADD KEY `FK_user_1` (`interface_id`);

--
-- AUTO_INCREMENT for dumped tables
--

--
-- AUTO_INCREMENT for table `ebn`
--
ALTER TABLE `ebn`
  MODIFY `id` int(2) UNSIGNED NOT NULL AUTO_INCREMENT, AUTO_INCREMENT=15;

--
-- AUTO_INCREMENT for table `feetype`
--
ALTER TABLE `feetype`
  MODIFY `id` int(2) UNSIGNED NOT NULL AUTO_INCREMENT;

--
-- AUTO_INCREMENT for table `interface`
--
ALTER TABLE `interface`
  MODIFY `id` int(1) UNSIGNED NOT NULL AUTO_INCREMENT, AUTO_INCREMENT=3;

--
-- AUTO_INCREMENT for table `month`
--
ALTER TABLE `month`
  MODIFY `id` int(2) UNSIGNED NOT NULL AUTO_INCREMENT, AUTO_INCREMENT=13;

--
-- AUTO_INCREMENT for table `reading`
--
ALTER TABLE `reading`
  MODIFY `id` int(20) UNSIGNED NOT NULL AUTO_INCREMENT, AUTO_INCREMENT=1828;

--
-- AUTO_INCREMENT for table `session`
--
ALTER TABLE `session`
  MODIFY `id` int(10) UNSIGNED NOT NULL AUTO_INCREMENT, AUTO_INCREMENT=90;

--
-- AUTO_INCREMENT for table `shop`
--
ALTER TABLE `shop`
  MODIFY `id` int(10) UNSIGNED NOT NULL AUTO_INCREMENT, AUTO_INCREMENT=32;

--
-- AUTO_INCREMENT for table `user`
--
ALTER TABLE `user`
  MODIFY `id` int(11) UNSIGNED NOT NULL AUTO_INCREMENT, AUTO_INCREMENT=4;

--
-- Constraints for dumped tables
--

--
-- Constraints for table `fee`
--
ALTER TABLE `fee`
  ADD CONSTRAINT `FK_fee_1` FOREIGN KEY (`reading_id`) REFERENCES `reading` (`id`) ON DELETE CASCADE ON UPDATE CASCADE,
  ADD CONSTRAINT `FK_fee_2` FOREIGN KEY (`feetype_id`) REFERENCES `feetype` (`id`) ON DELETE CASCADE ON UPDATE CASCADE;

--
-- Constraints for table `reading`
--
ALTER TABLE `reading`
  ADD CONSTRAINT `FK_reading_1` FOREIGN KEY (`session_id`) REFERENCES `session` (`id`) ON DELETE CASCADE ON UPDATE CASCADE,
  ADD CONSTRAINT `FK_reading_2` FOREIGN KEY (`shop_id`) REFERENCES `shop` (`id`) ON DELETE CASCADE ON UPDATE CASCADE;

--
-- Constraints for table `reading_paydate`
--
ALTER TABLE `reading_paydate`
  ADD CONSTRAINT `FK_reading_paydate_1` FOREIGN KEY (`reading_id`) REFERENCES `reading` (`id`) ON DELETE CASCADE ON UPDATE CASCADE;

--
-- Constraints for table `session`
--
ALTER TABLE `session`
  ADD CONSTRAINT `FK_session_1` FOREIGN KEY (`month_id`) REFERENCES `month` (`id`) ON DELETE CASCADE ON UPDATE CASCADE;

--
-- Constraints for table `user`
--
ALTER TABLE `user`
  ADD CONSTRAINT `FK_user_1` FOREIGN KEY (`interface_id`) REFERENCES `interface` (`id`) ON DELETE CASCADE ON UPDATE CASCADE;
COMMIT;

/*!40101 SET CHARACTER_SET_CLIENT=@OLD_CHARACTER_SET_CLIENT */;
/*!40101 SET CHARACTER_SET_RESULTS=@OLD_CHARACTER_SET_RESULTS */;
/*!40101 SET COLLATION_CONNECTION=@OLD_COLLATION_CONNECTION */;
